node_id,base_stock,safety_stock
N000020,4005922280.868921,45121543.55928554
N000495,835055.4100967663,15019.618363606322
N000312,119991105.74049634,1372280.9305668913
N000565,414674.22349874215,9463.41310716843
N000528,357386.870548449,12270.443881059859
N000392,6129706.52121462,84276.9725262878
N000212,82193785.92180692,923456.4335696801
N000321,76588808.9525779,876436.48153774
N000259,106095722.96483003,767482.294185279
N000579,121531.7862766754,4372.72541181835
N000773,121927.10983688693,2511.8291533374318
N000702,185983.89821944176,4662.318886340806
N000654,24824.867312255697,1093.6530487874336
N000861,1831.459604067526,108.7086877483162
N000128,10652798.425432006,238894.34320160755
N000234,172810802.46156257,1701338.489129019
N000842,116.30909361718878,32.87583328249923
N000848,1253.5894434063553,73.02222661708265
N000383,447715.8217701791,13565.30109302051
N000573,359358.73141656094,5819.8862549502055
N000575,0.0,0.0
N000249,436164740.01626647,11996225.576465182
N000092,2138896839.5414388,14209567.490139192
N000100,19199488685.445435,99504525.15849714
N000075,9062832885.252012,136215575.5907142
N000679,372249.56255276845,6776.474882175211
N000554,50569.06798641745,1516.047022559816
N000372,3962413.8623768436,59891.3327224873
N000056,1770496765.7034569,16090934.736483956
N000544,258066.19898579395,6281.37024139839
N000926,902.4120566747097,34.38211945648453
N000991,65.00280190338609,29.453775923500235
N000206,160304856.35063827,1367591.0033989225
N000674,0.0,0.0
N000217,799037476.059116,5350548.133541751
N000306,324179.8357976096,6283.789706833952
N000647,206060.4801501311,4295.796107137987
N000967,0.0,0.0
N000331,259963667.70905378,1626992.919614514
N000869,66.87068255073048,15.099857183012302
N000914,0.0,0.0
N000968,1726.4850532847292,108.71710833261666
N000294,76265899.62758046,770784.5798325995
N000531,2134958.887542335,21551.515088691765
N000134,3379621.839614801,65093.61824541256
N000603,336.8030433649046,21.288626053118524
N000884,0.0,0.0
N000354,16125884.091236861,139978.75977534978
N000657,7844.949888122386,871.4025586392828
N000303,1319383.6511937275,21573.237369108618
N000198,16754083.327761035,285085.0111748463
N000639,61153.97669431258,4632.861098594885
N000313,79783040.52870369,1633982.98946837
N000737,3690.99754836512,533.3006742583252
N000823,2607.210834077885,184.77403800118162
N000874,286.2246783100958,5.720370572345133
N000211,1868503655.1000452,11134381.165365495
N000808,4930.879259942338,138.42696080567848
N000597,0.0,0.0
N000139,379362742.5843061,4994363.756337924
N000664,23990.041036017366,693.3097808739436
N000341,42981931.36176789,556676.7003535263
N000010,3027587319.59131,31116464.018626593
N000271,9470295.257969452,132169.98095491732
N000760,66219.14372103623,2527.216257883686
N000244,6881193.828024423,117272.7804688554
N000563,2211044.1337122223,35326.611608421
N000304,165129711.2012652,905906.848657847
N000488,0.0,0.0
N000280,4976335.282945807,102278.90012410379
N000498,20647.064845840992,949.7794945447513
N000578,0.0,0.0
N000935,0.0,0.0
N000658,0.0,0.0
N000845,0.0,0.0
N000034,11705822322.596907,85595899.7250611
N000273,445376.3076123282,15775.481219360314
N000335,17215583.970292605,194548.2291884048
N000553,7266240.279859035,188621.03045274105
N000889,0.0,0.0
N000418,467622.8583465495,9401.50875899182
N000023,23360410555.131607,157339065.93338603
N000747,397390.86690528854,7418.2089457189695
N000923,534.9312277624437,43.369589704651986
N000117,18063046738.52084,120997809.97863448
N000151,5299515599.0482235,38558341.603106886
N000690,26174.547663900677,2066.409376409604
N000794,2774.760174712274,208.9339583531024
N000183,1703094122.9717655,16980556.037425965
N000984,0.0,0.0
N000296,230965864.57916847,1986463.7540447838
N000865,424.68854470600274,30.066048664609596
N000640,6711.966367102783,448.0795624806215
N000701,2018.4768171679862,95.05307408175538
N000019,4037953566.099534,48408958.18180015
N000791,0.0,0.0
N000667,0.0,0.0
N000262,4962278.147996718,61747.05371451168
N000311,5881414.783027133,69539.1769548803
N000449,5648385.877849777,99443.19408229267
N000138,72953845.99364074,457108.4904846731
N000606,0.0,0.0
N000786,358.7892327164856,7.847277386337719
N000632,0.0,0.0
N000454,17062.169795794525,906.4743230625452
N000560,5025289.659090074,86572.25698613204
N000832,20275.837127654086,1347.6735852295587
N000973,1027.2076762944416,20.116614103301135
N000071,343048035.62867194,10082031.167125262
N000436,12314045.150125857,134082.1135391666
N000123,23557258.34237881,219134.38126424613
N000223,136991334.13841945,1067264.1602264843
N000755,4660.787277409555,494.49151079231996
N000933,0.0,0.0
N000711,0.0,0.0
N000670,392491.92279681936,8784.788817578989
N000682,0.0,0.0
N000051,360613497.2351375,9430596.454957804
N000049,5726289677.542002,49859936.10115086
N000581,516141.9431381736,14857.318409713524
N000170,512431415.1826235,8882593.528643508
N000106,3290985523.5831404,29721880.00997567
N000391,935346.8614326641,24874.71439622486
N000972,56.32685454897265,12.249397462404612
N000077,321912170.262375,3210894.899589906
N000411,3942280.5767036676,49679.5522384712
N000724,0.0,0.0
N000501,1011431.9930856255,23693.74946217016
N000756,56138.87718984837,984.2100335428368
N000394,1654062.257664772,20062.302362427195
N000765,12296.859298331618,263.90185106485467
N000717,0.0,0.0
N000942,897.4371486592848,57.084666367901576
N000154,1164121633.5121841,6295126.037858658
N000837,4724.8132291424345,151.4299368405352
N000735,33448.49335486637,1648.7319956662104
N000559,0.0,0.0
N000163,6197265014.002245,51780687.31691228
N000213,456034392.4997703,5032144.757984542
N000267,0.0,0.0
N000885,254.64650380278079,32.26609620921614
N000697,0.0,0.0
N000094,88788271.84380561,1124413.3808494306
N000473,422517.97152649256,9450.13068900892
N000155,48058579.37289906,380959.95922953956
N000904,244.96306292201504,65.23478749932096
N000781,0.0,0.0
N000799,0.0,0.0
N000538,72996.0876125502,3196.0900464329725
N000948,338.17259461421094,13.620342673153617
N000800,0.0,0.0
N000821,0.0,0.0
N000858,3971.1582398108726,200.0926315264286
N000097,892296602.1288003,6743309.195855699
N000641,12887.376555131337,1034.4585407947293
N000140,1217757506.8525481,22590284.574694846
N000739,1178.2308883213689,56.080207178321615
N000283,1909113.5666689987,21663.388883860738
N000672,10965.490262299869,1089.5795871049572
N000857,0.0,0.0
N000409,22698399.421208803,427672.5919519485
N000061,37438419.40332871,357825.52252909663
N000871,0.0,0.0
N000402,17319194.540130764,193313.43908603626
N000855,662.5863462949059,54.54942257776595
N000103,82330110.2906407,1783637.14772985
N000587,59366.11465304855,4519.413913878377
N000683,0.0,0.0
N000996,0.0,0.0
N000676,11452.947939510706,399.53086148048993
N000378,34268321.47904751,630800.0910787462
N000481,549441.7019172388,11592.042486152786
N000998,0.0,0.0
N000181,3171833660.2844934,43592011.09118323
N000982,278.09154499833664,48.17965163908224
N000101,3335648954.8828125,27891793.740416095
N000393,536683.1480664032,12102.337957504596
N000239,361663394.20693743,5533258.842128043
N000519,2353880.4236762063,30564.984165811304
N000112,584486542.1516534,5334168.613012372
N000543,162436.7749703286,6989.3869981856005
N000557,36329.63551631367,1226.2319851464872
N000172,159611676.89162523,3556789.692707542
N000574,0.0,0.0
N000585,2025.6511166767339,278.39118384923876
N000329,1988480.042230708,39148.701094635646
N000093,1556764353.6543212,17338089.00276034
N000193,0.0,0.0
N000200,1137373075.0621662,7126076.749224258
N000979,21.14968037548706,13.161894557653598
N000204,52900512.82112738,441289.1153449996
N000830,0.0,0.0
N000722,9657.970800107176,560.1697000412902
N000375,2383638.0142583614,36126.64687094535
N000824,5892.406289721223,284.6875146068324
N000088,54978725.46619933,1133013.626764136
N000416,23966068.573125117,468306.214230789
N000811,4215.055012970122,242.67792530804385
N000390,7881698.5341238035,79827.68644220728
N000442,20761.057591725115,2033.5013318290753
N000448,1883968.8063220493,16448.761281280676
N000424,7368639.648593104,179349.15612238477
N000911,0.0,0.0
N000978,214.78607509556954,3.2514328634319036
N000253,17239389.234614965,439914.0721204879
N000626,24718.380267467786,1203.3088023618973
N000600,289287.0210634444,4172.299693621442
N000797,4519.713620577478,213.13806737830654
N000520,1709791.9037447814,29318.89326135125
N000925,2205.8439844934483,147.3777838722497
N000505,25224.240388604656,994.2028968201681
N000086,3054492116.093742,12602689.261354724
N000438,268655.08595825545,9445.315973613237
N000813,1765.5966687472328,222.25985717561483
N000452,32112827.843347427,836817.8751382049
N000990,336.16855346212014,19.410260198729624
N000893,309.76567425769844,1.132166721330593
N000673,33976.02384379408,859.56117656605
N000038,6260237806.524541,72026636.45165147
N000622,51623.89350308106,1582.8605604691033
N000203,141773166.6913331,897730.6051858973
N000921,0.0,0.0
N000413,8448834.397096163,88354.71801303851
N000362,55919232.26518625,769108.1648795474
N000945,0.0,0.0
N000572,125829.39593039425,6203.003276304293
N000840,0.0,0.0
N000048,10208727896.280746,96270165.01331149
N000129,7840351.77986851,92154.59726323
N000455,166807.0725227333,7696.18948000593
N000358,9969120.610809332,115038.46632062021
N000480,0.0,0.0
N000834,0.0,0.0
N000944,128.34185900405188,2.1745404165876603
N000764,0.0,0.0
N000853,32026.382017953685,778.3859345591766
N000201,1334785327.5524123,26806697.05598452
N000714,23978.164984669398,699.192080206152
N000892,0.0,0.0
N000357,1577509.732122982,26765.695019039944
N000592,741469.8865250085,15073.930521367092
N000887,0.0,0.0
N000635,1156703.19209807,25151.5917631497
N000359,4310194.061538973,55789.794092787124
N000838,0.0,0.0
N000901,93.50781329163138,3.1303591618347886
N000076,6003507779.787687,60918523.117336676
N000589,1100084.1425021328,28951.982932147086
N000504,1178984.2053764274,20463.9794049416
N000256,892598518.1528943,10728605.500546644
N000671,33621.32130845093,2562.85004679572
N000150,479506124.94974613,4299399.620780752
N000705,819.182130056685,30.637701460942747
N000590,0.0,0.0
N000314,153472.34051129967,3708.3593239446445
N000836,222.8911018764437,30.639000090876863
N000879,0.0,0.0
N000320,46311054.65187953,1334567.6640503206
N000920,0.0,0.0
N000882,2608.498584931527,125.70209924257777
N000149,44560290.11220393,288914.36866632407
N000188,342489237.3839517,3106917.7437293176
N000159,6281544.339708613,140088.14458199686
N000582,3774899.1791787418,34630.36696332945
N000646,7621.320429532791,211.07035977603059
N000761,8638.281254014455,576.6995984869548
N000255,19653399.33358257,120555.9306738352
N000502,306609.2563266,9232.540170571283
N000721,0.0,0.0
N000778,1602.7095953530884,225.46301596413818
N000389,31153.96415422117,1037.6107489303947
N000353,1115574.35308489,19930.897135152543
N000960,0.0,0.0
N000698,0.0,0.0
N000245,110829947.93869583,715460.6545616741
N000876,491.8713615327781,133.23238106860262
N000913,0.0,0.0
N000126,8263193639.886416,49441574.58888708
N000014,157685799045.88406,1130369088.034272
N000241,5561637.807882205,153210.96771712956
N000087,21022147132.2919,175116773.42416486
N000085,1597317085.824999,27391195.14974079
N000788,77.99523510560101,0.2976395208558527
N000593,0.0,0.0
N000816,0.0,0.0
N000232,136373963.10793993,1803391.335853611
N000483,8939572.725421421,115692.35209056706
N000414,0.0,0.0
N000287,5830375.155850018,96497.94914908921
N000352,12554466.57494976,155844.52987069936
N000105,9933345341.818861,68501751.16709588
N000875,0.0,0.0
N000485,562437.3627906905,8849.008521073014
N000118,892181753.1442761,32983122.17279404
N000584,5627.38495416798,356.8129371201187
N000533,9485055.805941897,121705.942138469
N000364,54790209.45871999,708532.3765041241
N000732,9648.389641089092,325.08581142980125
N000783,2866.1747273373003,116.34398878187596
N000446,0.0,0.0
N000479,0.0,0.0
N000099,1064096602.6118711,21866567.740006108
N000015,19083066306.08733,183096553.0048293
N000957,0.0,0.0
N000478,68732.10580064202,2753.300605508418
N000928,0.0,0.0
N000260,3633486.5201438307,50047.984770176874
N000465,1855841.7627707005,34216.48268372121
N000847,515.7048340139846,53.816325922968936
N000124,0.0,0.0
N000999,0.0,0.0
N000110,253387214.0398521,4053836.2532714806
N000749,1765.3227373591435,546.2257510749895
N000809,13642.850935017716,1888.0589603357753
N000145,6463048556.458685,50139774.61355704
N000549,375717.8749162713,5429.701119162609
N000264,128878.49468070561,5623.103519915182
N000792,27907.01051013414,805.8025802941205
N000775,0.0,0.0
N000916,0.0,0.0
N000995,569.9891554493634,23.298542170455903
N000507,8111867.866952275,114947.84447594477
N000542,551515.0289514044,9033.64120899093
N000566,0.0,0.0
N000826,0.0,0.0
N000652,0.0,0.0
N000950,0.0,0.0
N000770,0.0,0.0
N000396,0.0,0.0
N000546,0.0,0.0
N000807,31064.0040459194,1143.1339676558864
N000343,7532.445322777488,495.07737668000135
N000793,6551.71983557002,342.4876998406686
N000844,0.0,0.0
N000059,67139838902.254776,362466496.7685932
N000492,1163445.0961273606,31580.189941958943
N000906,0.0,0.0
N000653,50048.07190300648,1613.1718632434745
N000293,162236336.44761667,3888556.158787529
N000327,79194047.02616462,1427252.1382581757
N000060,2639525607.516491,16531683.33034626
N000042,138097868348.7411,582354666.1133178
N000064,505676303.92829674,3474832.5475436384
N000147,136616847.86223823,1131055.5455694334
N000226,0.0,0.0
N000003,12750172130.539656,93776085.47029898
N000428,10034766.94524615,153341.3584234021
N000107,11283455681.9407,64634966.74665852
N000374,21515329.589854244,281397.0992197642
N000518,17902.380239345406,2698.9491218848225
N000127,3699658098.33879,37656656.48565689
N000173,157295161.24951822,1457476.2464689987
N000403,16143841.912739761,259086.63425852408
N000738,63570.76299598988,1733.5364930233623
N000420,1164907.022277036,13801.470153102724
N000336,0.0,0.0
N000224,11443726.621889988,110266.47523517099
N000831,0.0,0.0
N000558,59375.60682637204,2385.9513200187757
N000958,0.0,0.0
N000350,39247802.41830608,572779.3597398496
N000728,0.0,0.0
N000776,818.6326161098227,50.92458298160849
N000208,12746283.75705306,110750.47489314755
N000399,7117083.5415648585,88158.47350904327
N000285,67902843.02554315,695293.7568685557
N000490,1144205.0643835317,17196.62085526139
N000819,0.0,0.0
N000692,170845.4267033099,4088.0710576251627
N000516,905111.0133497508,19435.599040521272
N000156,5920448413.188126,50965686.78456636
N000905,444.3667686402459,11.389107813467925
N000835,0.0,0.0
N000386,37018991.89553071,251085.276720775
N000235,7277840.026290687,148579.83530162607
N000178,2845481112.208314,18649226.707651887
N000515,8412986.939148227,214707.15344819243
N000629,0.0,0.0
N000360,0.0,0.0
N000131,595164811.2906284,5084131.074138869
N000379,1046414.3118131986,18672.77519569933
N000410,247241.03667724744,9459.49899043199
N000940,0.0,0.0
N000028,53156497048.36879,489195448.88485044
N000167,34902566.751335345,1141189.0965716587
N000231,710524.3887522278,16877.222841864776
N000323,66217886.44107297,570838.026064763
N000458,29298643.26094935,515627.15948983264
N000599,1553141.731892161,16629.530168965033
N000180,63084676.22743395,1335757.9111940227
N000166,1854241198.132273,7716246.214883162
N000194,330569802.1339522,1848658.6943959459
N000045,2359810982.8087463,39983980.20518674
N000182,91383254.89710511,716647.0451998624
N000199,60058060.525440186,491457.2995177069
N000266,427113857.8039068,9875027.485774769
N000860,2509.9521852365456,445.5450550374809
N000162,179441022.96160004,1924977.950937297
N000709,2332.592686495265,106.05048945633963
N000370,2024630.66768599,31964.648851982787
N000395,146002.2089581812,6015.812242272774
N000310,1162720.3411940096,49317.89800511491
N000299,16718533.272128584,177762.12068415742
N000373,30094151.526354533,548813.5007177872
N000896,0.0,0.0
N000706,93387.73210848434,3404.251417072074
N000919,143.23064603573278,30.06167133737691
N000601,7319116.12904574,167884.10253228515
N000322,92048458.00955988,832066.217776598
N000388,22179198.323647838,294635.1395400343
N000662,0.0,0.0
N000289,365720681.9038725,2391793.8271271633
N000300,185060963.1321202,1877983.4531371736
N000726,7615.340284932341,357.0428544822841
N000989,215.74513973070873,21.73314324830906
N000412,16180194.42326346,151821.96675160038
N000586,1331401.0060971722,20346.665802514406
N000678,319670.063342278,7375.419240214859
N000891,0.0,0.0
N000801,336.48435920131743,49.687633666072884
N000218,9309066.309873898,198600.38013465932
N000649,4386.869297625759,205.65855748988236
N000877,0.0,0.0
N000165,322402.7974530769,13007.326601875417
N000363,135061.97372582313,9557.203695521926
N000731,1443.0011133709372,50.1881733537644
N000018,405293761.80086654,2194796.0464048903
N000863,0.0,0.0
N000098,9304212772.995533,101691669.19743553
N000066,439587710.8594967,9652741.622907113
N000415,7333863.818873152,82615.09946941934
N000189,96014053.23725355,1256045.7315138925
N000700,30172.50103800966,1087.5295511436882
N000736,598449.4036553364,13892.79517001871
N000247,99513652.85406366,595535.8087728355
N000148,466200768.6968551,7247890.541536262
N000116,1706954310.891635,10068433.533192743
N000745,0.0,0.0
N000691,8717.081081723092,444.16482122774784
N000332,20074960.8990572,246857.30116799995
N000620,0.0,0.0
N000687,0.0,0.0
N000744,48515.46362311184,3200.1384013521215
N000902,0.0,0.0
N000252,170518298.14811444,4224488.178970488
N000974,0.0,0.0
N000230,3109275.6032052245,41689.00482656057
N000001,13792648922.083073,49704396.405560724
N000233,367606728.5804316,3106900.6783725116
N000612,0.0,0.0
N000570,369046.25922979804,8013.907422394075
N000946,0.0,0.0
N000307,12224219.345458187,97365.06256338223
N000477,1186.8265467242525,123.95353489768236
N000496,4071836.9436492114,59669.23704587426
N000305,58340579.2551215,869697.9138285106
N000067,15896115607.835003,144771956.34818363
N000841,141.29968915144647,23.967249803081007
N000981,0.0,0.0
N000053,158073.6338368778,3195.754779545731
N000609,16691.037635992157,841.5137598940378
N000016,16557788305.886913,126375627.35289572
N000517,357702.7189133224,7288.688498226541
N000784,83470.85395203531,1682.3972232614494
N000207,229367320.89966047,1887105.5241352895
N000509,214362.88010936423,6391.887258053078
N000975,91.8945660394823,10.763391893543423
N000627,247466.8081951478,6849.201907243912
N000951,0.0,0.0
N000013,32080929677.818592,155621945.52557832
N000768,0.0,0.0
N000487,868591.8862018317,19721.046780999655
N000058,10448286190.162165,66307292.20674532
N000345,952623.7397497137,15662.781299846878
N000120,2570448.3800350316,34680.16594003373
N000237,9096110.075938901,152171.40072428578
N000615,38719.896488568884,2225.636570838943
N000630,804.5351534628373,20.250093066984736
N000121,186309684.01464957,1146042.1958403233
N000713,0.0,0.0
N000912,0.0,0.0
N000655,153100.6297732095,3893.7579435642256
N000685,3183.458444136926,106.35774235043012
N000535,186735.6206432533,12387.202336938908
N000525,3187043.9967957675,38365.57830805348
N000545,0.0,0.0
N000665,0.0,0.0
N000769,236274.0889307571,4652.662526681596
N000817,2098.0380274522904,144.37066810687256
N000295,65136538.5758098,2375810.4639472617
N000499,1203354.1272984762,27553.021146164017
N000369,69653906.44411334,1354670.6011288469
N000434,0.0,0.0
N000136,5887616.993090578,79987.61467099273
N000642,15118.798506061832,954.1814807329987
N000333,153659.93518492996,3266.7879633395537
N000536,1396768.7125838238,34986.82458390436
N000007,134813026743.31763,573853646.9363705
N000779,2559.6933830258076,153.9570973195203
N000133,9191756643.660288,70503944.30802639
N000205,18571586.268433776,220450.14257284795
N000328,21687262.514374707,231982.77483989595
N000017,5578394010.097015,71770352.3746304
N000096,2258186302.011416,15655245.173664404
N000270,694196159.3415676,8756567.770263845
N000624,14986.577108033869,1862.6530903803298
N000780,0.0,0.0
N000050,26845771066.611523,292809629.3823066
N000269,1283791.8475455034,23105.098262958087
N000427,712240.8383864021,9307.856044925882
N000292,0.0,0.0
N000878,0.0,0.0
N000185,2491018.3132962175,26129.96093220266
N000689,7625.103947485686,916.6291222634669
N000142,2304231603.590288,22643403.854370482
N000290,14983880.034978123,140159.26192913254
N000932,0.0,0.0
N000614,160469.43407279614,3392.5520070556327
N000029,13570195381.557999,220218090.14372364
N000113,207275359.83795398,3100583.7667144225
N000472,83618.26132146773,2317.313048426028
N000177,6327050761.37816,47882095.334939286
N000637,0.0,0.0
N000868,0.0,0.0
N000122,951766674.3726778,4989343.307980196
N000758,0.0,0.0
N000782,240.80387002720522,24.454314699540323
N000062,2765467177.153347,21458448.52142811
N000221,128423230.09394918,1181028.7242155331
N000453,1152021.6909901798,14740.53820268328
N000934,0.0,0.0
N000210,103748811.25882562,1196755.9951763032
N000161,1092583730.5484295,16799163.70150888
N000993,1220.4450925268732,35.649444491583424
N000924,2437.29415944663,87.39924420930048
N000366,2095301.7119486702,27141.64047628137
N000349,17320371.59782214,259555.43196082115
N000382,0.0,0.0
N000500,50085.58257924895,1601.2715604714845
N000179,1955455.8252701932,46268.287097994646
N000046,105378649752.73325,975861134.9067746
N000467,4145.859773089941,198.76426918956298
N000774,0.0,0.0
N000994,56.941564756522624,3.3513526361597252
N000715,1481.3549819486589,206.8761680538929
N000275,33401.66398322912,2152.6729452995855
N000789,0.0,0.0
N000175,232281.95606268034,6379.801509714179
N000650,192624.625075628,4871.498544041049
N000621,11762.789284354627,1267.2296164854426
N000644,37812.598951619715,4451.90757048989
N000748,0.0,0.0
N000371,24458473.0260562,172502.0416974483
N000596,650.5955697199108,93.71842064479912
N000825,0.0,0.0
N000864,0.0,0.0
N000988,1030.164015560582,49.80225474280941
N000802,0.0,0.0
N000011,8607370131.909075,99618753.06442848
N000900,0.0,0.0
N000268,3962650.124097613,50987.41456410081
N000636,0.0,0.0
N000432,126653.01536609248,4085.4857806569426
N000580,539282.5743310535,9084.00532082815
N000324,1226477.4888940833,20996.708858338166
N000513,30890.780690646527,1261.9013777249686
N000846,585.8459531928648,285.6169620513845
N000918,1588.1317871816761,11.272165907212031
N000725,0.0,0.0
N000065,223921585892.82526,894023462.117938
N000130,13848224220.119173,124747787.37409072
N000284,127172652.77117439,940610.9196540752
N000091,9790032561.667118,114858245.67296885
N000541,470455.6081155996,15782.225236066015
N000069,78408033920.15869,457981144.731053
N000716,2067.979952548531,211.05494101704863
N000980,0.0,0.0
N000476,1524.7581469778029,245.35455677342458
N000675,665870.6556514164,12125.399445454144
N000804,0.0,0.0
N000822,1180.136503433724,45.029562531055774
N000954,0.0,0.0
N000054,901193075.7538941,7763020.341430632
N000081,826986879.7182003,13658730.261507086
N000404,0.0,0.0
N000852,2397.47043300564,62.89275622456927
N000047,510407.06465998746,13118.614712672817
N000539,0.0,0.0
N000843,108.08609942050835,4.23006880627633
N000021,117034061867.85179,796929336.9992551
N000027,1402208243.8238282,41193100.913198285
N000405,205783.5283503101,5768.135192764427
N000963,547.8467069278191,26.12143404404255
N000594,338808.92580212635,5090.200973702562
N000032,53610927.03142178,367196.5697692932
N000752,20206.837427520255,754.5351917467378
N000850,503.1916494367206,35.61728139916102
N000880,3483.4775688917753,134.51827418763298
N000529,655099.9877339625,10943.357434639975
N000971,98.20897674689691,20.283402868580108
N000236,106189355.0275216,913090.4863781313
N000818,0.0,0.0
N000482,14267703.73244904,137435.279950229
N000527,5132.203641880275,278.97455430689905
N000680,0.0,0.0
N000426,7560528.631813703,282396.1129648485
N000899,0.0,0.0
N000526,254318.23573276354,5205.400165209861
N000143,8931354.335132772,155142.36590907004
N000729,3886.749615255975,398.39645041695366
N000694,6190.393228182187,137.11401930230346
N000365,4756766.335925077,108088.02808338049
N000068,1241332173.3572934,14073706.821241744
N000551,158117.4316124313,8329.1055377332
N000493,1074699.062375898,17057.91104118649
N000669,34211.27099022929,1156.8130541085297
N000777,2978.087740894606,183.3589328732618
N000158,3499259575.0999913,48182839.5601249
N000108,1289834742.5622463,6093912.9106726535
N000506,47438.88847386061,2296.590784047067
N000521,0.0,0.0
N000796,5608.015996251058,132.62431504859092
N000104,440020656.8586506,3680136.2573030833
N000619,1829.5189995503679,122.67217568709056
N000220,334594.4355820954,8106.892520091486
N000073,188414019.7336596,5037402.149740005
N000261,361085318.84364915,2392709.5674904604
N000276,149230031.74998814,1298486.769008931
N000562,44907.5380483291,1767.804406413088
N000246,2146853567.8931885,17840892.762694333
N000429,3636868.6210579597,60495.06339877758
N000767,292.38456129849567,13.27581900089399
N000854,0.0,0.0
N000508,15568176.016628766,112682.79482151654
N000026,673840962.5458078,20482467.58198456
N000344,0.0,0.0
N000591,1048256.8538133712,17765.074137716678
N000839,316.8270918998382,78.23279319106204
N000532,4468817.023062227,60224.45641872161
N000976,183.35718758353372,10.682234431570409
N000041,12248914279.459665,67436771.55237116
N000368,0.0,0.0
N000089,385340478.42358875,3879714.007850436
N000196,126272875.74061695,1827402.4684667876
N000466,0.0,0.0
N000407,77663.72101285504,4088.7014206335025
N000618,105449.93890062155,2889.984899150882
N000440,270348.9444691054,5815.967196802103
N000355,41058740.23434354,490621.3114564625
N000227,1647295814.1739917,17372874.838236533
N000820,169.4241662423403,70.10302820585862
N000571,1648980.9547454277,18959.85493561487
N000039,41214456498.63329,225048019.36067396
N000272,74650623.83930339,1264956.7157913009
N000282,9385823.217772301,67225.53198466262
N000463,219211.79908647502,6990.896676968867
N000176,1804013740.427004,28579033.228763748
N000681,15965.187317937349,462.73322287327335
N000656,251141.74043906343,3848.916757978843
N000228,81266966.47055203,3081910.415710548
N000385,4579558.817806821,71960.08824645611
N000908,0.0,0.0
N000992,0.0,0.0
N000556,0.0,0.0
N000258,120558506.64388978,3907341.5426987302
N000475,67074.44622646754,2217.4157380551137
N000186,671166709.1750104,6143698.504977583
N000125,373204691.8239722,4240257.303583964
N000985,0.0,0.0
N000970,326.9100075316191,25.066061352146292
N000044,173807050.05179664,1881145.342914641
N000302,2546101.968223819,48607.614863098956
N000309,86664066.91545185,505683.04004606185
N000254,28762211.41544799,245975.51469980218
N000719,0.0,0.0
N000057,11469842054.756456,130552476.49612299
N000022,139580988.70684603,1056293.1129673729
N000740,69343.85609081695,3476.5693721203615
N000297,296955182.8386132,1980331.1876032385
N000870,3537.4444884080276,279.0318488531882
N000197,39800037.277030915,1396668.7966775617
N000153,1122740295.98474,24554639.67378699
N000447,342324.0919850425,13728.305599031819
N000956,0.0,0.0
N000441,5215757.546049382,89989.64384812758
N000090,0.0,0.0
N000561,32861.75638912387,3651.3021018950917
N000380,26610022.715629824,445272.87723892793
N000873,0.0,0.0
N000628,15998.959855541718,541.0262683121242
N000588,936304.2407374776,12263.663214754726
N000009,2347177421.5553017,65277566.286109746
N000190,510610163.68514884,3776077.149044336
N000435,11084908.653695928,131909.9804927541
N000460,0.0,0.0
N000610,22919.28011893504,1746.6926574867045
N000286,2773064.3401161106,53377.483364241336
N000006,52482769.49065093,669683.383434771
N000052,2923041543.7465563,29453902.571388155
N000937,1056.3530698412596,18.003126035545808
N000243,95791383.64602333,728393.4060665595
N000947,0.0,0.0
N000953,487.5729928088096,7.19894466877879
N000184,255650.0609794893,11177.376637581214
N000489,180744.55504247308,3694.4951152999993
N000771,190557.70040034445,5650.2296018481875
N000833,8178.8953811763095,734.0237915938017
N000741,0.0,0.0
N000338,2550778.390883636,69695.09893736824
N000986,0.0,0.0
N000686,155575.70858222194,4391.222990053277
N000070,1821597058.416962,34089414.71563325
N000962,0.0,0.0
N000164,870431480.8957152,7704307.913998432
N000523,128875.91409949043,5054.152050444382
N000688,19147.298091256947,681.0600274822436
N000750,55258.92070848364,1796.4441007650628
N000459,475138.5495217435,12118.21925891464
N000263,48644675.04771597,673727.1545261698
N000079,1581157876.705737,10327186.682227764
N000866,2525.06809116944,227.2390113451928
N000308,136849753.0654394,2145933.198613869
N000114,264285204.72880638,4965428.495075717
N000425,25578633.293445922,569270.6170332993
N000109,539197808.9693564,5783214.844443708
N000795,0.0,0.0
N000949,87.4447984363238,40.950422987678
N000720,864.1951396755254,42.34796298539122
N000730,88505.5854757313,1998.6708501970177
N000894,0.0,0.0
N000961,1142.6839067661388,68.5482910695204
N000084,552580874.422674,3955763.5872089155
N000859,244.96283230616567,78.94229608428748
N000169,35721176.27931871,242299.29614877625
N000743,7979.528804763736,264.84793344258276
N000497,27573263.464223858,717634.6375135451
N000631,0.0,0.0
N000002,10613262874.984041,76188110.31104155
N000437,45548326.33400781,338669.10481481144
N000806,51583.79788801337,1336.323459370939
N000617,334725.7379783138,5745.423462901525
N000450,222293.68401089843,12790.894848419533
N000209,730557801.41494,7440616.289344068
N000301,196009154.30398086,3192240.8511404525
N000464,2079626.4487744903,49683.81263989054
N000643,5374.82079964392,161.11885426217515
N000278,189571723.63381153,1107823.4492799053
N000330,1462327.782669856,23457.235973722814
N000342,4408488.917923968,80348.28476210797
N000192,470534710.2161938,2354664.0862891395
N000633,372893.2501791263,12386.903576978495
N000347,38795685.5395244,1332456.6888278963
N000696,58987.07177587678,1761.9801287048122
N000907,0.0,0.0
N000430,648044.2537982567,17230.885897699878
N000004,143179697.1266282,1129331.4103354197
N000661,0.0,0.0
N000943,0.0,0.0
N000577,33807.74520847138,1803.978502383749
N000772,1123.8864549961131,40.22978053838549
N000152,9585607.435331455,135744.47284208663
N000288,172775.137037041,10470.509641040411
N000132,11179690669.32749,132573587.17344108
N000471,2468937.2003825638,37305.89581794041
N000319,6460753.489898599,296109.22804318933
N000677,62811.934494667206,1495.6193414954791
N000534,335540.8993589771,6543.540434477715
N000376,22938895.17642176,294684.29516657017
N000511,5332.17314285976,539.1035622370256
N000524,12299.701685638991,1046.0317740534758
N000398,0.0,0.0
N000082,2082630253.7623074,24552394.91472506
N000334,1474899.2982761082,18984.192618243433
N000421,7008381.914859168,75392.48161745319
N000746,1294.3536731901486,162.88972575921315
N000510,0.0,0.0
N000638,17557.547292165884,1045.9834327677797
N000707,147699.0844756492,6090.43212461625
N000909,316.5133612010872,86.70249987107269
N000550,969.6177307381932,131.5439203504451
N000625,16531.26802607704,542.2373250866381
N000361,122578495.26031822,1083562.0280663895
N000798,112.99348153389703,6.822780624169595
N000814,8408.978112610646,147.0947248730034
N000727,34498.607668808385,668.6261640722248
N000095,3852752575.0188,23661871.82481056
N000005,423584095.5195214,2731804.9795598187
N000895,0.0,0.0
N000955,0.0,0.0
N000157,345284023.7878522,8695885.132917354
N000803,678.7583159038588,45.49483398429246
N000941,0.0,0.0
N000503,0.0,0.0
N000583,666418.7568362139,18186.205988900154
N000078,11929569415.265165,58774224.18030978
N000651,0.0,0.0
N000225,459556993.9073248,4471129.815053973
N000202,18437043.624894485,156790.96618423663
N000888,361.925523169063,7.212558963339408
N000881,0.0,0.0
N000191,271336668.3011792,2864110.896400451
N000419,11308313.041776903,170723.33715541504
N000910,1227.3682931492763,19.379326238501235
N000952,0.0,0.0
N000827,0.0,0.0
N000274,146211361.41594887,1808268.918592313
N000281,69208506.44682936,1160598.4577645243
N000439,62426.1262149872,3498.612858414456
N000605,0.0,0.0
N000168,5495487675.159257,73098921.81267115
N000265,245500865.08032125,2707359.0571168056
N000766,0.0,0.0
N000008,3933693056.3182096,63368552.526455596
N000316,1803172.9214206948,27049.868603146097
N000648,166695.40219874194,3608.724770013656
N000214,358240.39612211817,10358.75195095291
N000668,3645.264042283078,159.6118781329622
N000763,0.0,0.0
N000969,23.026231723606692,1.0367544967080786
N000812,1461.5425588255123,49.93693628380122
N000966,1405.8536876120547,50.275065302688645
N000337,235209.7370676758,7643.66694990783
N000229,924311281.6313125,18201434.339844964
N000598,9319849.268593814,190611.63112348452
N000240,10291766.358759457,83282.18789463308
N000111,19576669667.04734,118170899.28531423
N000613,24788.424175008364,869.4379101127206
N000703,0.0,0.0
N000119,1471493112.0363271,26220935.174176946
N000462,5037229.016254967,168105.420784596
N000547,16412020.408137528,158608.1522444238
N000461,734220.8359425166,15133.21351918376
N000790,0.0,0.0
N000030,99063960065.73264,517161587.3945455
N000930,0.0,0.0
N000417,2571562.5078837443,47973.98856424955
N000291,51863532.13745395,378813.1877206754
N000102,11217860376.118582,91242712.98416083
N000828,305.86746607221664,59.82738203251394
N000135,5035458484.129645,45702630.86276061
N000965,0.0,0.0
N000012,257978139.77764648,2883994.6761531318
N000898,86.82468045747457,0.43633879574113504
N000939,431.93923889246247,4.473141389484939
N000036,13923466042.2959,102452777.3802334
N000031,1041932218.94093,20511914.15560879
N000569,137161.50787736723,4881.8907004040575
N000607,166779.9797662863,5336.460205306446
N000723,15115.442992094224,1017.1193721026784
N000929,3020.045096541355,397.3872350297311
N000433,11060.668028573527,1248.061989748575
N000444,726886.3002029047,21611.5057060591
N000733,612.9476656079405,88.9681364551698
N000699,8001.2605501556645,355.47228331542243
N000470,412139.6978863287,13859.34561203774
N000469,1442268.0360815115,22539.492540431336
N000634,0.0,0.0
N000849,0.0,0.0
N000195,238107295.96559,2180477.948454387
N000025,10267348.777040567,180821.26919419624
N000257,66965321.789622165,807865.7510960703
N000277,77159992.1284286,1010716.798646576
N000144,247609205.778922,1865485.4749424884
N000856,11065.087849211219,320.0740519531169
N000785,0.0,0.0
N000890,2233.380934285511,46.628489695670766
N000718,4084.6800028911944,173.57851691322327
N000754,0.0,0.0
N000381,80911.31635641558,2718.375316729905
N000055,9149217667.775524,84608726.84466718
N000883,0.0,0.0
N000248,48610894.011236586,835754.4649964619
N000927,0.0,0.0
N000474,2855111.1693979744,35480.67782410575
N000072,8067296944.833611,31771502.694342006
N000242,54639439.02866432,866318.3004268206
N000983,304.9019324689518,24.10902670935921
N000564,333312.44254169834,5520.606332202999
N000734,0.0,0.0
N000810,0.0,0.0
N000815,0.0,0.0
N000666,71269.76941743375,1344.5734570194938
N000325,70763127.10589385,679548.0747377339
N000695,19151.855471056464,303.939621209998
N000712,66974.8165639873,2942.7904316380973
N000491,1566921.9171965765,42891.73877011735
N000886,131.219552985475,43.6868299734933
N000805,888.9594188647914,55.29939413895695
N000083,103220952.99622989,1287254.1057608158
N000915,275.55037524687214,33.69383174802273
N000922,529.0562708291615,26.622231149523117
N000367,509987.08266949723,7938.572134152978
N000251,3091253055.0015798,21542451.429641373
N000555,0.0,0.0
N000315,4396322.20622985,46818.80837342054
N000602,0.0,0.0
N000387,39839.11764479125,1416.0567133240793
N000829,0.0,0.0
N000035,435398581.4044736,7473276.376407578
N000567,1181022.6944730207,16526.915368790338
N000522,7936656.938798465,55055.51723839176
N000445,13872828.916670607,225921.53558068466
N000552,0.0,0.0
N000484,9495151.46948459,106060.56670386958
N000710,267.3983669472412,25.224643747361704
N000279,33385947.376301743,1066087.8536809913
N000997,131.94438846306292,8.875015576051746
N000693,2702.6863060787828,179.7605372763444
N000456,4037849.5135974623,40701.77803478256
N000339,327453.4985243822,9374.259167537175
N000340,563147.7966624213,12740.401101826896
N000187,1183238416.910332,11300514.835392382
N000400,2193644.7670245063,42897.30223025439
N000406,1630730.9782244018,20154.814965681024
N000757,31940.997856813767,1391.4687825485034
N000216,158209593.5166173,3067697.514785536
N000401,0.0,0.0
N000604,1643042.8325931663,21785.084798949814
N000936,0.0,0.0
N000351,4839162.37094775,154341.39555333482
N000608,0.0,0.0
N000408,11013.656723733227,1850.2461928799762
N000431,2906682.164663839,57138.87534541167
N000530,73150.47269696889,1823.1608368919228
N000660,150109.12115998322,4547.606415264842
N000977,207.4608163625697,9.367134596188185
N000623,82115.99216661064,2508.708871986829
N000917,138.79513372084813,32.81022757345084
N000862,361.0526787853429,0.2607791431703969
N000987,182.55909226304595,10.9847477266043
N000346,8261000.736199188,94201.98512653576
N000348,31829531.28767633,243057.79004142596
N000250,81746793.8237284,1195958.331473342
N000514,32654.964924886397,1800.1339207412145
N000964,0.0,0.0
N000115,9162648301.767136,98101701.4594356
N000443,674401.3260112158,18048.2316403746
N000468,20857844.40444952,291747.7727193118
N000033,1076859408.5439363,10728283.08118142
N000298,0.0,0.0
N000215,38254831.93680252,274642.2080834246
N000787,143792.3827516711,2351.628192766244
N000931,2847.506528549418,381.63785297126145
N000422,471996.1914465458,7302.3341349205175
N000595,163752.97561501144,2990.5611420632995
N000576,36503.85563199604,1279.4310897919863
N000684,2295.9171695054283,480.64426034976003
N000751,0.0,0.0
N000146,743127570.3836638,12761376.779242147
N000160,170846125.01666093,2251587.80318079
N000959,64.96800178231045,5.13003945842549
N000377,2477.27307536952,129.82060168869208
N000753,23273.008404359345,969.9528913983299
N000659,362.46037115037416,1.1541814468054832
N000423,22021.571764744156,512.2850581695948
N000867,1514.948757541633,70.85451233060078
N000063,16793701509.388384,112961762.91447797
N000037,38418870221.392624,266069814.83872142
N000512,1897329.577053811,23492.375319658735
N000080,454888659.9166288,6175977.6966676405
N000704,8279.506644215962,317.7715453548156
N000568,0.0,0.0
N000219,1474036151.5740058,8114354.02860799
N000616,259901.581319633,5164.112277292705
N000903,0.0,0.0
N000938,54.19923934965773,19.815428574161757
N000537,3066108.360094822,45745.62538827124
N000137,2780593106.574388,62984457.54881619
N000762,17239.72602193666,569.0547250623665
N000024,3282106658.161688,42746018.856813334
N000851,415.6153920975697,68.29524557283136
N000174,6679770.303967023,80628.9018106365
N000384,4896577.998074223,52928.56367581569
N000457,140164.53837030736,3193.645737040825
N000494,242347.33183027117,5971.004930916045
N000222,11328743.843126113,315347.8986299507
N000397,5495286.140446105,93523.75761310218
N000043,105655442024.09875,449003588.4297182
N000663,93032.06453450883,4696.208580507113
N000872,1891.5771460806586,120.3204597162902
N000040,25679899583.84126,185271511.31620225
N000326,26730422.930541143,590469.8633047135
N000540,63096.19105159192,2545.1038037329918
N000141,0.0,0.0
N000451,2150348.170120632,36551.7664729669
N000318,214446696.38852865,1820062.472950275
N000238,3044593.2807032424,49788.292890604105
N000171,91450284.32219669,1120247.3237472172
N000548,2621698.3047822868,48832.915529052836
N000645,115276.21312783967,2398.146956303394
N000759,0.0,0.0
N000486,115135.22561008914,2852.3387111109982
N000708,16710.58441111253,1736.6987395274841
N000897,1345.818233246866,154.1971462339381
N000317,15635300.741788719,126237.64430409484
N000000,1937423362.7239456,7661165.596787051
N000074,1362162290.7604373,43869451.96639455
N000611,0.0,0.0
N000742,6068.790492934517,325.5257138840876
N000356,343615.2503483064,10265.456782298495
