pred,succ
N000,N1008
N000,N1779
N000,N3034
N1008,N2545
N001,N166
N001,N3307
N001,N3152
N001,N341
N166,N173
N166,N534
N166,N2372
N3307,N3860
N3152,N3179
N341,N1049
N341,N2704
N341,N961
N002,N3551
N002,N804
N002,N178
N804,N2994
N804,N834
N178,N2328
N178,N2128
N178,N3847
N178,N255
N003,N3458
N003,N302
N004,N235
N004,N3230
N004,N3863
N004,N3381
N235,N2459
N3381,N3578
N005,N1577
N005,N1951
N1577,N3942
N006,N919
N006,N2801
N006,N3472
N006,N2130
N006,N1250
N919,N3864
N919,N2435
N2130,N3443
N007,N1207
N007,N3400
N007,N743
N007,N3179
N008,N3104
N3104,N3238
N009,N1084
N009,N3369
N010,N1406
N010,N3329
N010,N2466
N1406,N3458
N1406,N2504
N3329,N3842
N011,N3710
N011,N221
N221,N1672
N221,N1786
N012,N3071
N012,N2050
N012,N2782
N012,N2361
N013,N1071
N013,N851
N013,N838
N838,N2699
N838,N2643
N838,N1392
N838,N3351
N014,N3646
N015,N2528
N015,N1432
N015,N3597
N015,N156
N015,N2280
N2528,N2829
N1432,N2670
N1432,N3419
N156,N1966
N156,N2995
N156,N3148
N156,N193
N156,N798
N016,N2594
N016,N3934
N017,N1722
N1722,N3085
N018,N1478
N018,N2189
N018,N531
N018,N682
N1478,N3288
N2189,N3851
N531,N1273
N531,N2899
N019,N165
N165,N1131
N165,N3159
N165,N1665
N165,N625
N165,N1487
N020,N604
N020,N2389
N020,N2353
N604,N2569
N604,N3399
N604,N2504
N604,N630
N604,N1585
N2389,N2439
N021,N2808
N021,N989
N021,N1089
N021,N3909
N022,N1060
N022,N2399
N022,N2535
N1060,N1399
N1060,N2098
N1060,N2289
N1060,N3624
N023,N3589
N023,N2813
N2813,N3147
N024,N3279
N024,N3637
N024,N2262
N025,N3954
N026,N2521
N026,N2701
N026,N3038
N2701,N2837
N027,N2094
N2094,N3072
N2094,N3314
N028,N813
N028,N135
N028,N617
N813,N1101
N813,N2288
N135,N386
N135,N3544
N135,N3530
N029,N2141
N029,N2672
N029,N575
N575,N2736
N030,N1990
N031,N2350
N031,N895
N895,N1222
N032,N1377
N032,N401
N032,N368
N401,N1613
N033,N3849
N033,N3422
N033,N2615
N2615,N3463
N034,N2274
N034,N1708
N1708,N2076
N1708,N3940
N1708,N2267
N035,N1658
N1658,N2800
N1658,N2262
N1658,N3926
N036,N1241
N036,N920
N036,N1096
N036,N2762
N1241,N3933
N920,N1124
N920,N1019
N1096,N3325
N037,N296
N037,N3216
N037,N2395
N296,N2260
N2395,N3343
N038,N3236
N038,N3885
N038,N2961
N039,N896
N039,N3056
N039,N1676
N039,N429
N896,N1566
N1676,N3649
N040,N728
N040,N3400
N040,N677
N728,N1424
N041,N2487
N041,N3466
N042,N147
N042,N472
N147,N1828
N147,N3249
N147,N1785
N472,N523
N472,N1574
N472,N3203
N472,N2865
N043,N334
N043,N3938
N043,N1217
N334,N1848
N334,N816
N334,N3661
N334,N1270
N044,N2017
N044,N3123
N3123,N3169
N045,N3761
N046,N3210
N046,N2164
N3210,N3532
N3210,N3516
N047,N2182
N047,N3682
N047,N1485
N2182,N2949
N2182,N3311
N048,N3399
N048,N1191
N049,N1242
N049,N1507
N1242,N3128
N050,N853
N050,N184
N050,N924
N184,N3025
N184,N3413
N924,N3872
N051,N2960
N051,N3926
N051,N3755
N052,N3964
N052,N384
N053,N1952
N1952,N2165
N1952,N2002
N054,N716
N054,N1931
N054,N2710
N716,N808
N055,N1167
N055,N3521
N055,N3157
N055,N1184
N055,N2450
N1167,N3264
N3157,N3586
N1184,N3988
N056,N1466
N056,N3673
N1466,N3043
N1466,N2731
N1466,N1503
N057,N217
N057,N2261
N057,N3967
N057,N1197
N2261,N3140
N1197,N2436
N1197,N3290
N058,N1077
N058,N705
N058,N2432
N058,N3832
N705,N3146
N059,N2389
N060,N1059
N060,N3131
N060,N1272
N1272,N2172
N1272,N3615
N061,N3652
N061,N112
N062,N1230
N062,N3081
N062,N1792
N062,N3659
N1230,N1649
N1792,N3933
N3659,N3835
N063,N2886
N063,N2265
N064,N3302
N064,N1483
N1483,N2180
N1483,N3730
N1483,N3087
N1483,N2152
N065,N3719
N066,N539
N066,N2996
N067,N949
N067,N2689
N067,N084
N949,N2824
N2689,N2762
N084,N2234
N084,N3154
N084,N2488
N068,N894
N894,N3497
N894,N2360
N069,N3016
N069,N1459
N069,N1806
N1459,N2349
N070,N2067
N070,N2703
N2067,N2265
N071,N570
N071,N3716
N570,N1803
N570,N1947
N072,N1154
N1154,N3390
N073,N572
N073,N1267
N572,N3341
N074,N281
N074,N824
N281,N1871
N281,N2831
N824,N2805
N824,N1634
N824,N1127
N824,N2446
N075,N3095
N076,N1164
N076,N173
N076,N3687
N173,N3011
N173,N883
N077,N388
N077,N705
N388,N2689
N388,N3334
N388,N3103
N078,N2035
N078,N512
N078,N1383
N078,N2580
N2035,N2867
N512,N2211
N512,N3005
N1383,N1913
N1383,N1542
N079,N3590
N079,N103
N103,N2600
N103,N3390
N103,N3375
N080,N2532
N080,N115
N080,N102
N2532,N2622
N081,N3274
N082,N620
N082,N132
N620,N1852
N620,N1874
N620,N3239
N132,N2450
N132,N1510
N083,N1774
N083,N2691
N083,N799
N2691,N3059
N2488,N3468
N2488,N3783
N085,N1026
N1026,N3178
N1026,N3123
N1026,N1307
N1026,N3779
N086,N1081
N086,N3039
N086,N2957
N086,N2055
N1081,N3509
N1081,N3750
N1081,N1941
N087,N3513
N087,N190
N087,N1663
N190,N2884
N1663,N2277
N1663,N3297
N088,N662
N088,N2367
N088,N2221
N088,N2474
N088,N3125
N2474,N3491
N089,N1130
N089,N3356
N089,N2609
N089,N2322
N2609,N3289
N2609,N3534
N090,N3019
N090,N3082
N090,N3918
N090,N2969
N091,N3726
N092,N547
N092,N1963
N092,N3946
N092,N852
N547,N3940
N547,N1038
N1963,N3942
N1963,N3305
N093,N700
N093,N3464
N093,N3969
N093,N3422
N093,N3620
N3464,N3881
N094,N2181
N095,N3928
N095,N3143
N3143,N3311
N096,N2888
N096,N3929
N096,N2659
N2888,N3618
N2888,N3865
N097,N3568
N097,N1680
N097,N1830
N097,N1016
N097,N2210
N097,N3122
N1680,N3887
N1830,N2963
N1830,N3389
N098,N1117
N098,N2835
N098,N1630
N2835,N3638
N099,N3358
N099,N3944
N099,N477
N099,N3009
N477,N531
N477,N1778
N477,N2633
N100,N2150
N100,N3023
N100,N989
N101,N2865
N101,N3146
N2865,N3000
N102,N3318
N104,N883
N104,N1455
N104,N2377
N883,N2484
N883,N2756
N1455,N1931
N105,N3746
N105,N3389
N106,N2951
N106,N2156
N106,N3717
N2156,N3636
N107,N505
N107,N1436
N107,N1512
N505,N643
N505,N1417
N1436,N2697
N1436,N3956
N1436,N3888
N108,N3226
N108,N1715
N1715,N1786
N109,N303
N109,N1996
N109,N1607
N109,N3144
N303,N613
N1607,N2922
N110,N2465
N2465,N2518
N111,N3109
N111,N2228
N111,N742
N2228,N3657
N742,N952
N742,N3533
N112,N3695
N113,N1461
N113,N1074
N113,N2654
N1074,N3141
N1074,N3533
N114,N533
N114,N3545
N114,N2408
N114,N1969
N533,N2173
N3545,N3930
N2408,N3537
N115,N1491
N115,N957
N1491,N2861
N957,N2937
N957,N3903
N957,N2305
N116,N3867
N116,N2387
N116,N2381
N117,N601
N117,N856
N601,N2208
N601,N2850
N601,N657
N601,N3524
N118,N1046
N118,N2138
N118,N1385
N118,N2556
N1046,N1994
N1046,N1331
N1046,N2574
N1046,N1678
N2138,N3077
N119,N1270
N1270,N2246
N1270,N1923
N120,N2104
N120,N1414
N1414,N1508
N1414,N3985
N1414,N2710
N121,N3694
N121,N2151
N121,N2738
N121,N3612
N121,N2208
N122,N404
N122,N3132
N404,N2758
N404,N3384
N404,N429
N123,N2077
N123,N1257
N123,N2017
N1257,N3181
N124,N2989
N2989,N3374
N125,N2068
N125,N3502
N125,N1571
N125,N976
N1571,N1812
N1571,N1955
N126,N302
N302,N1310
N127,N678
N127,N3625
N127,N487
N678,N986
N678,N3688
N3625,N3634
N487,N1095
N487,N826
N487,N2889
N487,N1941
N128,N1174
N128,N2475
N128,N2647
N1174,N2876
N1174,N2862
N2475,N3675
N2475,N3980
N2647,N2652
N129,N964
N129,N1647
N964,N2291
N1647,N2119
N130,N3949
N130,N2577
N131,N3681
N3681,N3910
N133,N3483
N133,N3043
N134,N1807
N134,N995
N1807,N3004
N1807,N2449
N1807,N2654
N995,N3986
N995,N3054
N3530,N3955
N136,N2617
N136,N958
N2617,N3707
N958,N2593
N137,N1696
N137,N2350
N138,N3440
N138,N3669
N138,N1540
N3669,N3848
N139,N2801
N140,N3156
N140,N1040
N140,N2364
N1040,N2788
N1040,N1889
N141,N1987
N141,N2130
N142,N3676
N142,N2794
N2794,N2928
N143,N1920
N143,N1324
N143,N346
N1920,N2254
N1920,N3535
N1324,N3593
N1324,N3891
N1324,N2626
N346,N1367
N346,N1637
N346,N2255
N346,N2593
N346,N2505
N346,N1105
N346,N2343
N144,N1684
N144,N2505
N144,N3765
N144,N413
N1684,N2539
N2505,N3639
N145,N1318
N145,N2407
N145,N288
N1318,N1585
N2407,N3040
N288,N2096
N288,N1498
N288,N3245
N288,N583
N146,N1258
N146,N168
N146,N1356
N168,N1479
N168,N3134
N168,N2522
N3249,N3727
N148,N3115
N148,N3294
N148,N2300
N2300,N3740
N149,N660
N149,N2480
N150,N3550
N150,N1404
N150,N1369
N1369,N3563
N151,N1352
N1352,N2552
N1352,N1573
N152,N1933
N1933,N2816
N153,N2292
N154,N1337
N154,N1236
N154,N1576
N1236,N1372
N155,N412
N155,N1250
N412,N579
N412,N3207
N193,N1601
N193,N3223
N193,N3672
N157,N3345
N157,N2386
N2386,N2435
N2386,N3291
N158,N418
N158,N625
N158,N2590
N158,N326
N625,N2263
N625,N1147
N159,N1012
N159,N2025
N159,N1146
N159,N835
N2025,N3192
N160,N1865
N160,N1965
N160,N2132
N1865,N1977
N1865,N3577
N1965,N2539
N161,N734
N161,N1644
N161,N1615
N161,N3927
N1615,N2781
N162,N1449
N1449,N2388
N163,N1989
N163,N1991
N1991,N2675
N1991,N2455
N164,N2465
N164,N1034
N1034,N2091
N1034,N2382
N1034,N1393
N3159,N3670
N534,N1054
N534,N1648
N534,N981
N167,N1778
N167,N2797
N1778,N2486
N1778,N3811
N1479,N2524
N1479,N3830
N3134,N3864
N2522,N3909
N169,N2598
N169,N1192
N1192,N1237
N1192,N3224
N1192,N2258
N170,N554
N170,N333
N554,N2136
N333,N1128
N333,N2503
N333,N350
N333,N2318
N171,N3064
N171,N2313
N171,N2195
N171,N2457
N2313,N3101
N2313,N3454
N172,N1188
N172,N1496
N172,N1089
N172,N179
N1089,N2669
N179,N215
N174,N1295
N174,N304
N1295,N3422
N175,N2502
N175,N1351
N175,N1577
N175,N2780
N2502,N3641
N2502,N3358
N2502,N2516
N176,N3376
N176,N1288
N1288,N3836
N1288,N2121
N177,N2623
N2328,N3127
N2128,N3374
N255,N1813
N255,N3029
N255,N818
N255,N1687
N215,N667
N180,N791
N180,N1630
N180,N3935
N180,N634
N791,N3469
N791,N2270
N1630,N3360
N1630,N2778
N634,N1292
N181,N2138
N181,N778
N778,N1401
N778,N2890
N778,N3880
N182,N1984
N182,N982
N182,N1252
N982,N2738
N1252,N3826
N183,N3739
N185,N593
N185,N3514
N185,N3119
N185,N3588
N185,N1405
N593,N1672
N3514,N3528
N3119,N3946
N3119,N3498
N186,N837
N837,N1591
N837,N1001
N837,N3433
N187,N865
N187,N2229
N187,N3888
N865,N2316
N865,N1194
N188,N3959
N189,N2229
N189,N3526
N189,N2905
N2884,N2977
N191,N985
N191,N3411
N191,N2989
N985,N3974
N192,N1864
N192,N415
N192,N2580
N1864,N2739
N1864,N3031
N415,N708
N415,N1928
N1601,N1931
N3223,N3883
N194,N2744
N194,N3756
N195,N2263
N2263,N3437
N196,N1953
N196,N2236
N1953,N2789
N197,N1284
N197,N1261
N198,N1177
N198,N3208
N198,N3807
N1177,N2676
N199,N3492
N199,N3845
N199,N2356
N3492,N3594
N2356,N3159
N200,N1813
N200,N3176
N201,N3544
N201,N451
N202,N2135
N202,N3150
N2135,N3843
N2135,N2968
N203,N2611
N203,N2842
N203,N498
N498,N1575
N204,N1024
N204,N3313
N1024,N2628
N3313,N3644
N205,N1066
N1066,N2779
N206,N255
N207,N3297
N208,N3762
N209,N3153
N209,N3217
N209,N2313
N209,N2945
N210,N2132
N210,N946
N946,N2892
N946,N1474
N946,N3338
N211,N3529
N211,N2193
N2193,N2838
N2193,N3531
N212,N2247
N212,N888
N2247,N3012
N213,N3478
N213,N2157
N213,N3233
N2157,N2489
N2157,N2664
N214,N2480
N214,N3634
N214,N634
N667,N2673
N667,N1290
N216,N3751
N216,N3536
N218,N382
N382,N2012
N382,N1665
N382,N1079
N382,N2904
N219,N3760
N219,N3498
N219,N2094
N3498,N3632
N220,N1877
N220,N3086
N220,N801
N1877,N2646
N1877,N2036
N801,N3592
N1672,N3487
N1786,N3622
N1786,N3675
N222,N2947
N223,N3441
N223,N2162
N224,N1633
N1633,N2319
N225,N2909
N226,N3378
N226,N3047
N3378,N3801
N227,N1368
N227,N3857
N1368,N1825
N228,N3215
N229,N2445
N229,N3219
N230,N2736
N230,N2572
N230,N906
N2736,N2918
N231,N2561
N2561,N3397
N232,N3781
N232,N3371
N233,N1489
N233,N3043
N233,N379
N234,N3456
N234,N2225
N234,N2836
N2225,N3259
N236,N2272
N236,N1541
N1541,N1673
N1541,N3150
N237,N784
N237,N3230
N238,N2209
N238,N2999
N2209,N3017
N239,N3796
N239,N672
N239,N901
N239,N1176
N3796,N3837
N672,N2904
N240,N2506
N2506,N2811
N241,N3875
N241,N635
N241,N1051
N3875,N3899
N635,N1620
N635,N3433
N635,N1404
N242,N2991
N242,N854
N242,N2856
N854,N3024
N854,N3565
N243,N2021
N2021,N2749
N2021,N2530
N2021,N2807
N244,N2219
N244,N1387
N1387,N2111
N245,N3403
N245,N667
N245,N2017
N246,N1902
N246,N2471
N246,N1818
N246,N2518
N1902,N2398
N247,N3391
N247,N458
N248,N3553
N249,N1364
N1364,N2616
N250,N697
N250,N727
N250,N1376
N250,N1576
N697,N1316
N1576,N2184
N251,N3021
N251,N2926
N251,N1389
N2926,N3823
N1389,N3979
N252,N999
N252,N2519
N253,N2991
N253,N3390
N254,N578
N254,N3474
N254,N2862
N818,N3470
N818,N2072
N1687,N3165
N256,N1332
N1332,N1962
N257,N264
N257,N1702
N257,N406
N1702,N2056
N406,N1409
N406,N2512
N258,N2882
N2882,N3308
N2882,N3973
N2882,N3362
N259,N695
N259,N1986
N259,N3912
N259,N818
N695,N2168
N1986,N2308
N260,N575
N260,N3222
N260,N2764
N3222,N3604
N261,N990
N261,N471
N261,N3366
N471,N1154
N471,N1440
N471,N2598
N471,N1393
N3366,N3535
N262,N1587
N262,N1464
N1587,N1933
N1587,N3511
N1587,N2409
N1464,N2574
N1464,N3138
N263,N3565
N3565,N3771
N265,N2870
N265,N2122
N265,N3221
N266,N782
N266,N382
N782,N2881
N782,N3365
N267,N3335
N267,N3801
N3335,N3849
N268,N1362
N268,N2021
N268,N1276
N1362,N1793
N269,N356
N269,N3308
N356,N1365
N356,N854
N270,N2200
N270,N320
N2200,N2227
N320,N2477
N271,N1632
N271,N1647
N271,N921
N921,N1563
N921,N3753
N272,N2495
N272,N3028
N272,N3362
N273,N1700
N273,N2199
N273,N3168
N1700,N2060
N1700,N2461
N1700,N3856
N274,N3314
N274,N2839
N3314,N3703
N275,N1919
N275,N600
N1919,N3900
N1919,N3465
N1919,N3339
N600,N900
N600,N1541
N276,N3756
N277,N3104
N277,N1030
N277,N436
N277,N392
N1030,N2336
N1030,N2855
N278,N669
N278,N1699
N278,N2785
N669,N2416
N1699,N3526
N279,N2324
N2324,N3930
N280,N3775
N280,N1958
N282,N391
N282,N3631
N282,N3422
N283,N908
N283,N2536
N283,N2376
N908,N1589
N284,N3369
N284,N781
N284,N2333
N781,N2938
N781,N1386
N285,N977
N285,N3133
N977,N3447
N977,N3327
N977,N1939
N977,N1148
N286,N718
N286,N904
N286,N1530
N904,N1270
N287,N3245
N287,N2248
N2248,N3834
N2248,N3020
N1498,N2113
N289,N3290
N290,N1291
N290,N1239
N290,N3944
N290,N3559
N1239,N1651
N291,N3963
N292,N583
N583,N2143
N583,N1455
N293,N3444
N293,N790
N790,N2655
N294,N719
N294,N2649
N295,N3289
N295,N380
N295,N2772
N295,N3082
N2260,N2740
N297,N2224
N297,N1402
N298,N1834
N298,N473
N298,N2733
N1834,N2490
N299,N2238
N299,N1639
N299,N531
N299,N961
N1639,N3616
N1639,N2642
N300,N373
N300,N3348
N373,N1189
N301,N329
N329,N1951
N329,N502
N329,N2431
N613,N2744
N304,N3584
N305,N2080
N2080,N3507
N2080,N3878
N306,N3820
N307,N3958
N307,N3527
N3527,N3729
N308,N1983
N308,N3917
N1983,N3926
N309,N2004
N309,N2375
N309,N3453
N2004,N3976
N2004,N3642
N310,N446
N446,N2803
N446,N3530
N311,N1898
N311,N2629
N1898,N2497
N2629,N3409
N2629,N2911
N312,N1722
N312,N1103
N312,N3567
N1103,N3866
N1103,N3463
N3567,N3997
N313,N2090
N313,N2974
N313,N3655
N2090,N2916
N3655,N3728
N314,N1234
N1234,N2727
N1234,N1939
N1234,N1803
N315,N2509
N315,N3350
N315,N1902
N2509,N2774
N316,N2257
N317,N3485
N317,N375
N317,N1248
N375,N1396
N375,N2064
N1248,N3015
N1248,N2349
N318,N2788
N318,N3185
N2788,N2896
N3185,N3991
N3185,N3732
N319,N1613
N319,N1720
N319,N3742
N319,N2645
N319,N1878
N1613,N2235
N1720,N2039
N1720,N3321
N2645,N3669
N1878,N3327
N1878,N3293
N2477,N3973
N321,N2092
N321,N3095
N321,N1545
N321,N2314
N321,N1657
N2314,N3748
N322,N2979
N322,N1061
N1061,N3204
N1061,N2119
N323,N863
N323,N1375
N323,N668
N863,N2706
N1375,N1849
N1375,N3414
N324,N1192
N324,N3831
N324,N2533
N325,N2894
N326,N606
N326,N1351
N606,N2561
N606,N3076
N327,N3173
N327,N425
N327,N395
N327,N1091
N327,N3859
N3173,N3459
N425,N1751
N425,N3443
N328,N427
N328,N1510
N328,N3385
N328,N1366
N427,N2544
N1510,N2713
N3385,N3426
N1366,N2906
N1366,N1468
N1951,N2031
N502,N3066
N502,N2757
N502,N1675
N2431,N3913
N2431,N3118
N330,N918
N330,N2202
N330,N339
N330,N2292
N330,N683
N918,N1469
N339,N3330
N339,N2135
N331,N511
N331,N1729
N331,N3679
N511,N3249
N332,N976
N332,N1262
N1128,N2770
N350,N2688
N350,N483
N350,N3545
N350,N2931
N2318,N3903
N816,N3806
N816,N3737
N335,N2242
N2242,N2255
N2242,N3484
N336,N1362
N337,N516
N337,N2225
N337,N3361
N516,N3471
N516,N1318
N3361,N3539
N338,N3336
N338,N3280
N340,N3777
N2704,N3355
N342,N1417
N342,N1278
N342,N3051
N1278,N2728
N1278,N1474
N1278,N2954
N343,N2213
N344,N2052
N344,N3832
N3832,N3945
N3832,N3940
N3832,N3978
N345,N832
N832,N2658
N1367,N2062
N1367,N3858
N347,N3947
N348,N3274
N349,N2405
N349,N1539
N349,N2058
N349,N1717
N483,N1802
N483,N1257
N351,N2470
N351,N3013
N2470,N2639
N2470,N2612
N352,N3505
N352,N2182
N353,N2241
N2241,N2659
N2241,N3964
N2241,N3490
N354,N2339
N354,N2626
N354,N2887
N2626,N3544
N2887,N3319
N355,N3286
N355,N2638
N3286,N3508
N3286,N3763
N357,N2406
N2406,N3754
N358,N3896
N358,N849
N358,N3497
N849,N1663
N359,N1452
N359,N2384
N1452,N2253
N1452,N1905
N1452,N3515
N2384,N2877
N360,N1178
N360,N2224
N1178,N3843
N1178,N2597
N361,N1822
N362,N375
N363,N2442
N364,N3934
N364,N1839
N364,N1698
N1839,N2344
N1839,N3543
N1698,N2833
N1698,N2059
N365,N3268
N365,N393
N365,N1639
N3268,N3552
N366,N1576
N366,N2452
N366,N3499
N367,N393
N367,N2033
N367,N1467
N367,N3093
N393,N840
N2033,N3116
N1467,N3607
N368,N1298
N1298,N2243
N369,N2357
N369,N658
N2357,N3077
N370,N991
N991,N3316
N991,N1124
N991,N1739
N371,N1697
N371,N1342
N371,N1257
N1342,N2497
N1342,N3984
N372,N2295
N372,N3892
N372,N1070
N1189,N3466
N374,N650
N374,N1516
N650,N2115
N1516,N1998
N1516,N3240
N1396,N3795
N376,N3838
N376,N1932
N1932,N3432
N377,N2277
N377,N2117
N377,N1031
N377,N1281
N2277,N3160
N2117,N2729
N2117,N2440
N1031,N3871
N1031,N2688
N378,N753
N753,N1339
N753,N2222
N753,N1192
N379,N2359
N379,N2777
N2777,N3091
N380,N775
N775,N833
N381,N3364
N381,N1508
N3364,N3853
N2012,N2396
N1079,N1344
N383,N1249
N383,N1385
N383,N2398
N1385,N2797
N1385,N2021
N384,N764
N764,N2620
N764,N1489
N385,N3779
N385,N567
N567,N1242
N567,N2696
N387,N2509
N389,N1065
N1065,N3008
N1065,N1409
N1065,N2338
N1065,N1280
N390,N1951
N392,N3536
N392,N3426
N394,N3512
N394,N505
N395,N3620
N395,N1767
N395,N1954
N1767,N1928
N396,N1422
N396,N2284
N396,N2435
N1422,N2291
N2284,N3425
N397,N2780
N2780,N3396
N2780,N3426
N398,N3103
N398,N2982
N3103,N3340
N3103,N3441
N399,N3574
N399,N2808
N399,N2349
N400,N1093
N400,N3718
N400,N2799
N2799,N3986
N402,N533
N403,N3538
N403,N1262
N403,N3377
N3377,N3952
N3384,N3425
N3384,N3792
N405,N2832
N405,N706
N706,N3001
N706,N2227
N1409,N1609
N407,N445
N407,N2297
N445,N1310
N445,N2231
N445,N3675
N2297,N3262
N408,N3591
N408,N2230
N409,N612
N612,N671
N612,N2389
N410,N746
N410,N1948
N410,N1523
N410,N2791
N746,N1115
N746,N3705
N1948,N2668
N1948,N2951
N1948,N2882
N1948,N2368
N411,N2887
N411,N3923
N579,N3391
N3207,N3555
N413,N737
N413,N2864
N737,N1917
N2864,N3692
N414,N3782
N414,N3472
N1928,N2294
N1928,N2856
N416,N2539
N416,N1100
N416,N2517
N1100,N3412
N417,N1821
N417,N3057
N417,N3198
N419,N2686
N419,N2483
N419,N608
N419,N3400
N2483,N3616
N2483,N3816
N420,N2204
N420,N2184
N2204,N2944
N2184,N3615
N2184,N2718
N421,N3450
N421,N2602
N3450,N3738
N422,N3870
N422,N2020
N422,N2446
N422,N3504
N2020,N2155
N2446,N3308
N3504,N3554
N423,N3872
N423,N1117
N424,N2448
N424,N2541
N2448,N3100
N2541,N2574
N1751,N2488
N1751,N3158
N426,N2336
N426,N2132
N2336,N3139
N428,N599
N428,N810
N599,N1502
N599,N2346
N810,N1877
N429,N1514
N429,N2053
N429,N3652
N429,N2921
N429,N876
N1514,N3767
N430,N3678
N430,N3473
N431,N1326
N431,N2425
N431,N783
N431,N3549
N431,N1964
N1326,N1881
N783,N2548
N783,N946
N1964,N3701
N432,N2292
N432,N2839
N432,N2508
N433,N2864
N433,N1719
N434,N3780
N435,N3397
N436,N2564
N436,N2189
N436,N628
N2564,N3644
N437,N3723
N437,N2854
N2854,N3191
N438,N2827
N438,N3814
N438,N1634
N2827,N2925
N439,N1781
N439,N2281
N439,N1761
N2281,N3684
N440,N2214
N2214,N2750
N2214,N2898
N441,N3678
N441,N2098
N2098,N2627
N442,N2947
N442,N1303
N442,N2768
N1303,N1582
N1303,N2466
N1303,N3734
N2768,N3567
N2768,N2869
N443,N2799
N444,N2301
N444,N1134
N444,N3217
N444,N1436
N447,N1602
N1602,N3211
N448,N3431
N3431,N3727
N3431,N3596
N449,N2888
N450,N2374
N450,N936
N450,N2789
N936,N3177
N936,N1929
N936,N2045
N936,N1842
N451,N541
N451,N1058
N451,N2431
N451,N706
N541,N2230
N541,N2935
N541,N3684
N1058,N3931
N1058,N2588
N452,N2148
N2148,N2718
N453,N3370
N453,N2750
N2750,N3009
N454,N1897
N454,N3336
N454,N1215
N1215,N2809
N455,N3726
N455,N1092
N1092,N2820
N456,N1128
N456,N714
N457,N2137
N2137,N3690
N458,N3600
N458,N2347
N2347,N3322
N2347,N3997
N2347,N2553
N459,N1134
N459,N2286
N459,N2294
N2286,N2866
N460,N2164
N460,N2062
N460,N3823
N460,N3477
N460,N988
N2062,N3120
N461,N3324
N3324,N3449
N462,N964
N463,N3846
N463,N740
N740,N3501
N740,N3265
N464,N2044
N464,N3089
N464,N3078
N465,N3479
N3479,N3973
N3479,N3638
N466,N881
N466,N1739
N881,N3878
N467,N3666
N467,N3408
N3666,N3966
N468,N1222
N468,N3148
N469,N3290
N469,N681
N469,N3843
N469,N529
N681,N2915
N470,N1279
N470,N1958
N1440,N3579
N1574,N3583
N3203,N3766
N473,N2783
N473,N1026
N474,N1139
N474,N3528
N1139,N3319
N475,N659
N475,N1333
N475,N2525
N475,N855
N475,N2318
N1333,N3974
N2525,N3469
N855,N2580
N855,N3180
N476,N2415
N2415,N3121
N2415,N2561
N478,N3380
N3380,N3446
N479,N545
N479,N2889
N545,N2139
N545,N3676
N480,N799
N480,N2444
N480,N1047
N480,N2908
N2444,N2855
N481,N3890
N482,N1717
N1802,N2754
N1802,N3300
N484,N1392
N484,N2844
N484,N3977
N1392,N2185
N1392,N2033
N1392,N2694
N485,N2802
N485,N3287
N3287,N3943
N486,N2825
N486,N2607
N486,N557
N2607,N3462
N2607,N3218
N2607,N3792
N557,N1297
N826,N1485
N488,N2374
N488,N528
N489,N3188
N489,N1643
N489,N2012
N3188,N3602
N3188,N3814
N1643,N2370
N1643,N2848
N490,N641
N490,N1602
N490,N3400
N491,N2954
N491,N1653
N1653,N3206
N1653,N3518
N1653,N2523
N492,N2049
N492,N2292
N492,N2098
N492,N2271
N2049,N2080
N493,N2447
N493,N1562
N1562,N1643
N494,N2368
N494,N1193
N494,N1826
N1193,N3701
N495,N1127
N1127,N2915
N496,N1845
N1845,N2908
N497,N1957
N497,N2101
N497,N1471
N1471,N3201
N1471,N3984
N1575,N2733
N1575,N2941
N1575,N2478
N1575,N3091
N499,N2017
N500,N2704
N501,N2626
N2757,N3679
N2757,N3442
N2757,N3214
N1675,N3405
N503,N2901
N503,N1735
N2901,N3208
N504,N2140
N504,N3063
N643,N2443
N506,N2868
N2868,N3427
N2868,N2902
N507,N679
N507,N1962
N507,N1997
N507,N2771
N1962,N3340
N508,N3755
N3755,N3773
N509,N615
N509,N1330
N509,N1915
N509,N3971
N1330,N3591
N1915,N2533
N510,N1944
N510,N1695
N510,N2159
N1944,N3731
N1695,N3471
N1695,N2152
N1695,N3874
N2159,N2203
N2159,N3937
N513,N3394
N513,N667
N513,N3657
N514,N1463
N1463,N2147
N515,N1809
N515,N1398
N1809,N2815
N1809,N3234
N1398,N3806
N1398,N2454
N517,N3138
N517,N2810
N3138,N3142
N518,N1328
N1328,N1407
N519,N2329
N519,N3984
N519,N3505
N2329,N3350
N520,N1926
N520,N3925
N521,N1822
N521,N978
N521,N2953
N978,N1175
N978,N1872
N522,N2509
N522,N3572
N524,N2787
N524,N3442
N524,N2866
N2787,N2851
N525,N2401
N525,N1987
N2401,N3959
N526,N1285
N526,N1133
N1285,N2236
N1285,N3392
N1133,N2298
N527,N3882
N527,N3703
N527,N2293
N527,N3608
N2293,N3105
N2293,N3158
N528,N1992
N528,N1708
N1992,N2730
N1992,N3326
N529,N2579
N529,N2508
N529,N3404
N2508,N3813
N2508,N2788
N3404,N3564
N530,N2404
N2899,N3271
N532,N2581
N2581,N3668
N535,N1373
N1373,N3097
N536,N3461
N536,N560
N537,N779
N779,N3143
N538,N995
N540,N2240
N540,N1721
N542,N898
N542,N2420
N542,N2576
N2420,N2451
N2420,N2945
N543,N1880
N543,N2580
N544,N1110
N1110,N1146
N1110,N1455
N546,N1144
N546,N2677
N546,N1572
N2677,N3791
N1038,N2819
N548,N3407
N548,N3729
N3729,N3852
N549,N1420
N549,N2406
N549,N3915
N549,N994
N1420,N3680
N1420,N1430
N994,N2082
N994,N1815
N550,N2129
N550,N2624
N550,N2709
N550,N2456
N2129,N2421
N2709,N3118
N2456,N2567
N551,N903
N903,N3834
N903,N2767
N552,N867
N552,N2683
N552,N1951
N2683,N3451
N553,N1523
N553,N3021
N1523,N2614
N2136,N3363
N555,N2917
N555,N2151
N555,N3812
N555,N2058
N2917,N3768
N556,N1731
N556,N2698
N556,N1552
N556,N853
N1731,N2719
N2698,N3250
N2698,N3874
N1552,N1606
N1297,N3790
N558,N2739
N558,N2174
N2739,N3921
N2174,N2633
N2174,N3491
N2174,N3487
N559,N3254
N3254,N3481
N560,N2726
N560,N2402
N2726,N3782
N561,N698
N698,N3837
N698,N2128
N562,N2880
N562,N2980
N562,N2475
N562,N1497
N563,N3956
N563,N1409
N564,N2442
N564,N3613
N564,N1491
N564,N1567
N565,N2315
N565,N3979
N565,N1294
N565,N3642
N2315,N3584
N1294,N2578
N1294,N3103
N1294,N2691
N566,N2050
N566,N2268
N566,N693
N2268,N3692
N693,N766
N2696,N3539
N568,N1362
N568,N2973
N569,N1745
N1745,N3983
N1803,N3061
N1947,N3353
N571,N1916
N571,N2292
N1916,N2452
N1916,N3790
N573,N2116
N573,N1063
N573,N3664
N2116,N2835
N1063,N1168
N1063,N2445
N574,N2087
N574,N3308
N574,N2866
N574,N3989
N2087,N3605
N2087,N3989
N2087,N2939
N2087,N3052
N576,N2538
N576,N3229
N576,N2328
N2538,N3031
N2538,N3628
N3229,N3232
N577,N1711
N577,N1215
N577,N1945
N577,N934
N1711,N1741
N1711,N1837
N1945,N1954
N934,N1805
N580,N3242
N580,N3948
N580,N3625
N581,N2161
N581,N1782
N581,N3873
N581,N2542
N1782,N2560
N1782,N3041
N2542,N3162
N582,N2247
N582,N2747
N582,N2439
N2747,N3397
N2439,N2597
N2143,N2331
N584,N1229
N584,N3665
N584,N2574
N1229,N1818
N585,N599
N585,N3586
N586,N2127
N586,N851
N587,N3503
N588,N3755
N588,N1871
N589,N2857
N589,N2586
N2857,N2881
N590,N3646
N590,N2922
N591,N896
N591,N3092
N591,N1767
N592,N2847
N592,N3736
N594,N3346
N595,N3803
N595,N3231
N595,N763
N595,N909
N763,N2259
N763,N3991
N596,N2046
N596,N1744
N1744,N3652
N1744,N3316
N597,N2350
N598,N2597
N598,N737
N2597,N2644
N2597,N3020
N900,N3089
N657,N715
N602,N3727
N602,N1936
N603,N3835
N3835,N3906
N2504,N3601
N630,N2305
N630,N3720
N605,N2450
N605,N1438
N1438,N2731
N1438,N2494
N607,N1517
N607,N1593
N607,N3581
N608,N2188
N609,N1667
N609,N704
N609,N3807
N609,N3968
N1667,N1738
N704,N3283
N704,N990
N704,N1232
N3807,N3816
N610,N2466
N610,N3747
N610,N1798
N611,N2787
N671,N1266
N671,N3651
N614,N3106
N614,N2518
N614,N3823
N2518,N2826
N616,N2600
N616,N2727
N616,N2632
N617,N2751
N617,N1876
N2751,N3588
N618,N1243
N618,N1111
N1243,N2047
N1111,N1365
N1111,N2270
N619,N1513
N619,N2582
N619,N1020
N619,N2695
N619,N2505
N619,N3467
N619,N1986
N2582,N2999
N1020,N2412
N1020,N3011
N621,N772
N772,N2755
N622,N2483
N622,N3698
N623,N1777
N623,N2594
N1777,N2549
N1777,N2386
N624,N3400
N626,N3211
N626,N693
N626,N849
N626,N2054
N3211,N3809
N627,N3603
N627,N2759
N627,N3413
N2759,N2862
N628,N846
N628,N1505
N628,N1907
N1505,N3026
N1505,N2882
N1505,N2099
N1907,N3392
N1907,N2292
N629,N2766
N629,N1695
N631,N3546
N631,N1826
N631,N1409
N632,N1157
N632,N1140
N1140,N2910
N1140,N1831
N1140,N3596
N633,N2359
N1292,N2567
N1620,N2909
N636,N3281
N636,N3213
N636,N2008
N637,N1350
N637,N3767
N637,N2100
N638,N1603
N638,N3078
N638,N3906
N639,N2063
N639,N2354
N639,N3218
N639,N3900
N640,N1260
N640,N1542
N640,N3622
N1260,N2206
N1542,N3001
N1542,N3553
N642,N1383
N642,N3865
N642,N996
N642,N2725
N642,N2230
N996,N3105
N644,N2618
N644,N2374
N2618,N3252
N645,N999
N645,N1828
N646,N3121
N646,N2400
N646,N2612
N3121,N3165
N3121,N3655
N2400,N3195
N647,N3962
N647,N1102
N1102,N1681
N1102,N2952
N1102,N3131
N648,N788
N648,N3683
N648,N1402
N1402,N2572
N1402,N2547
N649,N3306
N649,N2786
N2786,N3158
N651,N3558
N651,N1683
N651,N3736
N651,N2748
N651,N2488
N1683,N1942
N652,N3449
N652,N2906
N653,N1492
N653,N3091
N653,N3678
N653,N2365
N1492,N3768
N1492,N3419
N3091,N3293
N654,N3415
N654,N2077
N655,N937
N655,N980
N937,N2860
N980,N2904
N980,N3650
N656,N3297
N656,N3136
N656,N3379
N656,N3113
N656,N3494
N3136,N3686
N715,N2322
N715,N3192
N658,N1666
N658,N3279
N661,N1892
N661,N3954
N661,N3719
N1892,N2348
N1892,N2818
N1892,N2474
N663,N793
N663,N1402
N793,N2492
N793,N811
N664,N3010
N664,N1457
N664,N3587
N664,N3810
N1457,N3124
N665,N1447
N665,N3753
N1447,N2943
N1447,N3018
N1447,N3200
N3753,N3996
N3753,N3802
N666,N797
N797,N1026
N797,N1661
N2673,N2962
N668,N787
N668,N1526
N668,N1462
N787,N930
N787,N2807
N1526,N2282
N1526,N3906
N670,N1814
N670,N925
N670,N3597
N925,N2694
N925,N1442
N2904,N3632
N673,N771
N673,N3693
N673,N934
N771,N3333
N674,N3936
N674,N998
N674,N3245
N674,N1579
N675,N3975
N675,N1828
N676,N757
N676,N3501
N757,N3995
N757,N2531
N677,N2941
N680,N862
N680,N2744
N862,N2215
N862,N2594
N682,N1353
N682,N1434
N682,N1766
N1766,N2258
N1766,N3844
N1766,N3729
N683,N3747
N683,N3598
N683,N2627
N683,N936
N684,N2978
N2978,N3472
N685,N2106
N685,N3802
N685,N3404
N685,N1633
N686,N786
N686,N1601
N686,N2256
N786,N1435
N786,N3904
N687,N1687
N687,N1560
N1560,N2070
N1560,N1622
N688,N3482
N688,N3628
N688,N2790
N688,N3051
N688,N1578
N3628,N3745
N2790,N3198
N2790,N3316
N689,N2554
N689,N2299
N689,N2940
N689,N2942
N2299,N3094
N2940,N3269
N690,N2516
N690,N1539
N2516,N2997
N691,N3088
N691,N3042
N3042,N3226
N692,N3279
N694,N3653
N694,N1533
N694,N2132
N1533,N1735
N1533,N3209
N696,N1765
N696,N1345
N696,N3957
N1765,N1829
N1765,N2460
N1345,N3575
N699,N2782
N701,N2879
N701,N3070
N701,N1590
N701,N3625
N1590,N2616
N1590,N3758
N1590,N3488
N702,N2229
N702,N3513
N703,N1743
N1743,N3382
N1743,N3556
N3001,N3022
N707,N2541
N709,N3423
N3423,N3870
N710,N2623
N710,N954
N954,N1370
N954,N2075
N711,N2531
N711,N3715
N711,N1180
N2531,N3393
N2531,N3900
N3715,N3955
N712,N3248
N712,N2168
N713,N1327
N713,N1214
N1327,N1896
N1214,N2345
N1214,N3567
N1214,N2773
N714,N3421
N714,N3331
N3192,N3771
N808,N3689
N717,N1064
N717,N2438
N1064,N3889
N720,N1233
N1233,N2353
N1233,N2233
N1233,N3530
N721,N1434
N722,N3080
N722,N1010
N722,N1549
N1010,N3874
N723,N1786
N723,N1459
N724,N2914
N724,N1277
N724,N3438
N724,N1055
N724,N2963
N1277,N3045
N1277,N3941
N1055,N3189
N1055,N3670
N2963,N3129
N2963,N3637
N725,N3517
N725,N2199
N725,N888
N725,N2841
N888,N2897
N726,N738
N726,N3205
N738,N2782
N738,N3418
N738,N1411
N738,N3825
N1424,N2107
N729,N2062
N730,N1223
N730,N851
N730,N2019
N730,N2731
N1223,N3321
N731,N1338
N731,N1924
N731,N1863
N1338,N2678
N1338,N2971
N1863,N2243
N732,N3258
N732,N2032
N732,N2018
N2032,N3903
N2032,N2695
N2032,N2131
N733,N1913
N1913,N3750
N735,N1261
N735,N3510
N736,N2443
N1411,N3220
N1411,N3277
N1411,N3264
N739,N1602
N741,N3767
N741,N941
N741,N3040
N941,N2215
N941,N3466
N952,N1993
N952,N3539
N743,N816
N743,N1019
N744,N1065
N745,N1783
N745,N1238
N745,N1856
N1238,N3769
N1238,N3490
N747,N3466
N747,N3005
N747,N1951
N748,N3377
N748,N3703
N749,N1468
N749,N2649
N1468,N2441
N1468,N3912
N750,N3908
N750,N2126
N2126,N3780
N751,N3704
N751,N3759
N3704,N3967
N752,N2996
N1339,N2198
N1339,N2245
N754,N1926
N754,N3176
N755,N1307
N755,N3258
N755,N2967
N756,N3433
N758,N3317
N758,N3870
N758,N2305
N759,N2296
N759,N1633
N759,N3144
N759,N1697
N2296,N3173
N760,N3695
N760,N1348
N760,N2072
N761,N3762
N762,N2333
N2333,N2398
N2333,N3579
N2333,N3445
N2333,N3803
N2259,N2300
N2620,N2813
N765,N2162
N765,N2586
N765,N3044
N765,N3807
N765,N3070
N3044,N3789
N767,N2857
N768,N2507
N768,N3897
N768,N2776
N768,N2133
N768,N2965
N2507,N3060
N2133,N3907
N769,N1416
N769,N3429
N1416,N2148
N1416,N3750
N3429,N3831
N770,N1044
N770,N2246
N2246,N3794
N2246,N3955
N2755,N2810
N773,N963
N773,N1766
N773,N1173
N963,N3454
N963,N3795
N774,N1962
N774,N2535
N774,N2926
N2535,N3384
N833,N1462
N776,N3951
N776,N3051
N776,N2501
N777,N3958
N2890,N3205
N780,N1094
N780,N1976
N780,N3510
N780,N3888
N780,N1207
N3365,N3542
N785,N2769
N2769,N3621
N2769,N3312
N930,N1107
N2807,N3282
N2807,N3359
N789,N2684
N789,N1390
N1390,N1625
N1390,N1939
N1390,N1497
N2655,N3812
N792,N3462
N794,N2168
N795,N2988
N795,N3965
N2988,N3233
N796,N2786
N796,N2584
N2584,N2757
N798,N1888
N798,N1570
N1888,N3036
N1570,N3208
N800,N3774
N3774,N3942
N3592,N3921
N3592,N3690
N802,N2404
N802,N2438
N803,N2606
N803,N1799
N1799,N3850
N805,N1811
N1811,N2437
N806,N1572
N806,N1307
N1572,N2789
N1572,N3771
N807,N2726
N807,N3828
N807,N1635
N809,N1909
N809,N3472
N809,N1198
N809,N1483
N1909,N3035
N811,N1371
N811,N3071
N812,N2790
N812,N1215
N812,N2037
N2288,N2402
N2288,N3341
N2288,N3745
N814,N1678
N814,N2071
N1678,N1887
N815,N3686
N3737,N3829
N817,N3503
N817,N2492
N2492,N2679
N2492,N2944
N3470,N3706
N819,N2331
N2331,N3991
N820,N1079
N820,N2971
N820,N1409
N821,N3583
N822,N3490
N822,N885
N3490,N3969
N885,N1907
N823,N2083
N2083,N3539
N1634,N3390
N825,N2722
N825,N3423
N825,N3877
N825,N1725
N2722,N3366
N1725,N1834
N1725,N2748
N1485,N2402
N827,N1553
N827,N2223
N827,N3156
N2223,N3780
N2223,N2918
N828,N3758
N829,N1463
N829,N1020
N830,N1026
N830,N3122
N830,N1609
N830,N1346
N830,N2479
N831,N1275
N831,N1670
N831,N3743
N1275,N3790
N2658,N3049
N1462,N2511
N1462,N2019
N1462,N3685
N834,N2342
N834,N1207
N835,N2283
N835,N3924
N835,N1717
N835,N3063
N836,N2608
N836,N2402
N1591,N1758
N1591,N3219
N1591,N1714
N839,N2859
N839,N2440
N839,N841
N2440,N3869
N840,N3431
N840,N2897
N840,N3549
N841,N2693
N842,N1166
N842,N2789
N1166,N3835
N843,N1027
N1027,N3369
N1027,N2199
N1027,N2752
N844,N1734
N844,N1186
N1186,N2418
N1186,N3164
N1186,N2810
N845,N2920
N845,N3200
N845,N1634
N847,N2296
N847,N3023
N848,N1494
N848,N3166
N848,N1552
N848,N2347
N848,N1237
N850,N2829
N2829,N3209
N852,N2179
N852,N2981
N852,N3748
N852,N1794
N2179,N3219
N2981,N3679
N1794,N2743
N1794,N2938
N1794,N1914
N856,N1875
N856,N2051
N1875,N2528
N857,N3037
N858,N2715
N858,N3563
N859,N3034
N859,N3514
N860,N1785
N860,N2214
N860,N3654
N1785,N3861
N861,N2424
N861,N2176
N861,N1189
N2176,N2186
N2176,N3295
N864,N3027
N866,N1150
N866,N1980
N1150,N1714
N1150,N2385
N1150,N2133
N868,N983
N868,N1018
N868,N1604
N983,N2869
N983,N1617
N983,N2643
N869,N3121
N869,N962
N870,N1588
N870,N1576
N870,N2802
N1588,N2070
N871,N3904
N871,N3190
N872,N1973
N872,N2617
N873,N3804
N873,N2449
N873,N2230
N874,N1076
N874,N2771
N874,N2931
N874,N963
N875,N1442
N1442,N2795
N876,N2499
N876,N1297
N2499,N2813
N877,N1179
N877,N1062
N877,N1399
N1179,N2346
N1179,N3014
N1179,N3833
N1179,N2043
N878,N2758
N878,N3481
N879,N1471
N879,N3539
N880,N2417
N2417,N3657
N2417,N3375
N2417,N3000
N2417,N3213
N882,N1948
N882,N1381
N1381,N3387
N1381,N2773
N884,N1500
N884,N2010
N884,N940
N940,N1470
N940,N1975
N940,N3336
N886,N3037
N886,N1766
N886,N1086
N1086,N1936
N1086,N2106
N1086,N3496
N887,N2089
N887,N3578
N887,N3848
N2089,N3595
N2089,N3614
N2897,N3960
N889,N1415
N889,N1732
N889,N2774
N1732,N3710
N890,N3653
N890,N2253
N891,N2595
N892,N2462
N892,N1952
N893,N1018
N893,N1165
N893,N1733
N893,N2329
N1018,N2834
N1165,N2632
N1165,N3603
N897,N2543
N2543,N3078
N899,N3434
N899,N1567
N3434,N3596
N1567,N1673
N1567,N3850
N1567,N1573
N901,N1426
N901,N2604
N901,N2007
N901,N2961
N901,N2275
N901,N2046
N2007,N2785
N2275,N3046
N2275,N2730
N902,N2931
N905,N1373
N905,N2682
N905,N1858
N905,N1670
N905,N2844
N1858,N3292
N1858,N3506
N906,N3981
N906,N3272
N3272,N3890
N907,N1155
N907,N3030
N1155,N2705
N3030,N3046
N1589,N2150
N909,N2677
N909,N3975
N909,N2983
N910,N3065
N3065,N3774
N911,N1697
N912,N2213
N912,N1293
N912,N2608
N1293,N2082
N1293,N1707
N913,N938
N913,N2610
N2610,N2908
N2610,N3017
N914,N3395
N915,N3202
N915,N1422
N915,N1378
N915,N2140
N915,N2380
N3202,N3443
N916,N2665
N917,N3889
N917,N2498
N917,N2706
N917,N1498
N2498,N3916
N2706,N2964
N2706,N2803
N1124,N1275
N1124,N1562
N1563,N3624
N1563,N2493
N922,N2435
N2435,N3486
N923,N2385
N923,N1038
N923,N1859
N2694,N2702
N926,N1729
N926,N3026
N1729,N2250
N1729,N2349
N3026,N3467
N927,N3573
N927,N984
N927,N2232
N927,N1475
N984,N2603
N928,N2537
N928,N989
N928,N3527
N928,N3710
N929,N959
N929,N3802
N959,N3858
N931,N3841
N931,N3361
N931,N3430
N932,N2861
N2861,N3265
N933,N1369
N933,N1780
N1805,N3488
N935,N3113
N935,N1391
N935,N3375
N3113,N3300
N3113,N3465
N1391,N3881
N1391,N3798
N3177,N3326
N3177,N3280
N1929,N3372
N1929,N3557
N1929,N3824
N1929,N2369
N2045,N2811
N939,N1835
N1835,N3323
N1835,N3411
N1470,N2312
N1975,N2067
N942,N3939
N942,N1634
N942,N3619
N943,N1550
N943,N3558
N1550,N3711
N1550,N2579
N1550,N2268
N944,N2109
N944,N3354
N944,N1755
N3354,N3695
N945,N2909
N945,N1379
N2892,N3309
N2892,N3845
N947,N3585
N947,N3605
N948,N3805
N948,N1179
N2824,N2882
N950,N2759
N950,N1748
N951,N2364
N951,N2227
N2227,N2317
N953,N2160
N953,N3519
N1370,N1659
N2075,N3055
N2075,N3798
N955,N2327
N955,N1448
N2327,N2438
N2327,N2575
N956,N1764
N956,N1340
N956,N3535
N956,N1858
N1340,N2873
N2937,N3784
N960,N1250
N960,N3606
N1250,N2042
N1250,N2275
N3606,N3810
N961,N3582
N3582,N3786
N962,N1697
N965,N3570
N3570,N3636
N966,N2874
N967,N1876
N967,N3367
N967,N1609
N3367,N3941
N1609,N3371
N968,N2324
N969,N2217
N969,N1835
N969,N3047
N969,N3278
N3047,N3502
N970,N3591
N970,N1131
N970,N2204
N971,N1713
N1713,N3104
N1713,N2754
N1713,N3095
N972,N1351
N972,N3441
N973,N3162
N3162,N3284
N3162,N3936
N974,N2712
N975,N3576
N975,N1442
N975,N1258
N1175,N3296
N1175,N3931
N1175,N2884
N979,N3929
N979,N2514
N2514,N3964
N981,N1283
N981,N3824
N2869,N3684
N1617,N3627
N2643,N3473
N2603,N3132
N987,N2755
N987,N1759
N987,N1214
N987,N2573
N1759,N3890
N988,N1824
N1824,N3399
N3316,N3333
N992,N1061
N993,N3190
N993,N2784
N993,N2400
N993,N3034
N993,N3207
N2082,N3602
N1815,N3580
N3054,N3828
N3105,N3318
N3105,N3525
N997,N3821
N997,N3044
N997,N1358
N3821,N3825
N998,N2873
N998,N2451
N998,N2780
N998,N2525
N998,N3536
N2873,N3768
N1000,N2160
N1000,N1488
N1000,N1492
N1001,N3624
N1001,N3510
N1002,N1995
N1002,N1057
N1995,N3690
N1003,N3719
N1004,N2299
N1005,N2473
N2473,N3914
N2473,N3455
N1006,N3623
N1006,N1929
N1007,N3094
N3094,N3127
N1009,N2159
N1009,N2047
N2047,N3371
N2047,N3024
N1011,N3620
N1013,N1335
N1335,N2038
N1014,N1278
N1015,N2323
N1015,N2913
N1015,N1760
N1015,N3051
N1015,N2146
N2913,N3254
N1760,N2889
N2146,N2575
N2146,N3170
N1016,N2257
N1016,N1821
N1017,N1858
N1017,N1437
N1437,N1968
N1019,N3972
N1019,N1827
N1019,N1845
N1019,N2593
N1827,N2310
N1827,N3175
N1827,N2839
N1021,N3431
N1021,N3180
N1022,N2783
N1022,N3002
N1022,N1405
N1405,N3194
N1405,N3574
N1023,N1912
N1023,N3046
N1912,N3825
N1025,N2259
N1025,N2228
N1028,N3584
N1029,N2723
N1029,N2755
N1029,N3462
N1029,N2669
N1032,N3990
N1032,N2402
N1033,N3633
N1033,N1129
N1129,N2761
N1129,N1689
N1393,N1568
N1393,N2114
N1393,N1581
N1393,N3871
N1035,N1113
N1035,N1790
N1113,N3339
N1790,N3611
N1036,N3327
N1037,N3892
N1037,N1954
N1039,N2902
N1039,N2853
N1039,N2730
N1039,N1715
N2902,N2945
N1041,N1700
N1041,N3087
N1042,N1791
N1042,N1704
N1042,N1545
N1791,N2473
N1704,N3884
N1043,N2666
N1043,N2734
N1043,N1974
N1045,N3944
N1331,N2712
N1047,N3496
N1047,N2753
N1048,N2593
N1050,N1143
N1050,N1493
N1050,N2373
N1050,N3504
N1050,N3251
N1050,N3973
N1143,N2438
N3251,N3863
N3251,N3549
N1051,N3430
N1052,N1596
N1052,N3965
N1052,N1879
N1879,N2831
N1053,N2971
N1056,N3534
N1056,N1358
N1358,N2592
N1057,N2170
N1057,N3273
N1057,N1623
N1057,N2974
N1623,N2710
N1399,N3756
N2289,N2927
N3204,N3428
N2119,N3990
N2119,N3098
N2119,N2911
N1062,N1645
N1062,N3208
N1645,N2983
N1645,N2881
N2779,N3631
N1067,N1710
N1710,N3957
N1710,N3912
N1068,N1428
N1068,N3277
N1068,N1343
N3277,N3424
N1343,N2067
N1343,N3352
N1343,N2965
N1343,N3355
N1069,N2823
N1069,N1116
N1069,N3499
N1116,N2642
N1116,N2177
N1116,N1445
N1070,N1295
N1070,N1671
N1072,N3702
N1072,N3683
N1072,N2012
N1073,N1796
N1073,N3862
N1075,N2410
N1075,N1251
N1075,N3882
N1251,N2185
N1078,N2938
N1080,N3057
N1080,N2417
N1080,N3832
N1082,N1114
N1082,N1574
N1082,N2908
N1114,N2577
N1114,N1516
N1083,N3091
N1085,N2767
N1085,N3765
N1936,N2457
N1936,N3666
N1936,N3766
N1087,N3331
N1087,N3777
N1087,N1975
N1088,N3262
N1088,N1275
N1090,N2164
N1091,N2507
N2820,N2997
N1097,N2491
N2491,N2685
N2491,N2706
N1098,N2659
N1099,N1153
N1099,N1655
N1153,N2603
N1153,N3978
N1655,N3400
N1655,N1767
N1681,N2794
N1681,N3451
N2952,N3984
N1104,N1265
N1104,N1354
N1104,N3669
N1354,N1661
N1354,N2555
N1354,N3212
N1354,N3738
N1105,N1382
N1105,N3290
N1105,N1124
N1382,N3126
N1106,N2369
N1106,N3619
N1107,N2529
N1107,N3576
N1107,N3043
N1107,N1764
N1108,N3578
N1109,N1238
N1146,N3347
N1112,N2820
N3339,N3796
N2642,N2843
N2177,N3686
N2177,N2432
N2177,N2337
N1445,N3024
N1118,N3155
N1118,N3030
N1119,N3497
N1120,N3779
N1121,N1624
N1624,N2680
N1624,N2284
N1122,N2570
N2570,N3852
N1123,N3059
N1123,N1990
N1123,N1895
N3059,N3938
N1125,N1132
N1125,N3743
N1132,N3875
N1126,N3396
N1126,N1664
N1126,N3590
N1664,N3717
N1664,N3329
N2761,N3580
N1689,N3985
N2298,N2512
N2298,N2721
N1135,N1855
N1136,N3819
N1136,N1471
N1137,N3276
N3276,N3514
N1138,N3245
N1138,N3106
N1831,N3932
N1831,N3919
N1141,N2434
N1141,N1736
N1141,N3890
N1736,N3246
N1736,N2601
N1142,N2792
N1142,N3827
N1142,N2999
N1145,N2133
N3347,N3733
N1147,N1660
N1147,N2588
N1660,N2366
N2588,N2648
N2588,N2854
N1148,N2940
N1148,N3875
N1149,N2665
N1151,N2641
N1152,N1421
N1421,N2387
N1421,N2882
N2705,N3524
N2705,N3896
N1156,N3571
N1158,N2419
N1158,N3811
N1158,N1574
N1158,N2756
N2419,N3361
N1159,N3824
N1159,N3549
N1160,N1449
N1160,N3568
N1160,N3411
N1161,N1805
N1161,N1474
N1474,N3927
N1474,N3569
N1162,N3541
N1162,N3120
N3541,N3662
N1163,N3486
N1163,N1700
N1169,N2798
N1169,N2498
N1170,N2287
N1171,N1289
N1171,N1741
N1171,N2736
N1289,N3391
N1289,N1608
N1289,N2402
N1172,N3876
N1173,N2597
N1173,N3626
N1176,N1502
N2676,N2828
N3843,N3963
N2346,N2544
N1180,N3133
N1180,N2254
N1181,N2324
N1182,N3726
N1182,N2250
N1183,N3479
N1183,N1912
N1185,N1267
N1185,N1478
N1267,N1413
N1267,N2459
N1187,N1380
N1187,N2671
N1187,N2681
N1380,N2310
N2681,N3774
N1190,N3068
N3068,N3907
N1191,N3937
N1237,N2882
N1194,N2985
N1194,N1408
N1194,N1530
N1408,N1974
N1408,N3950
N1530,N2523
N1195,N2872
N1195,N2139
N2872,N3783
N1196,N2488
N1198,N2188
N1198,N2534
N1198,N2978
N1199,N1467
N1199,N2751
N1200,N2684
N1201,N1276
N1201,N2144
N1201,N2287
N1201,N3227
N1201,N1323
N1323,N2026
N1202,N2025
N1203,N1935
N1203,N3755
N1204,N2917
N1205,N1612
N1205,N2941
N1205,N1482
N1206,N2638
N1208,N3697
N1209,N1878
N1209,N1845
N1210,N2622
N1211,N1783
N1211,N1987
N1212,N1329
N1212,N3353
N1212,N3840
N1212,N2812
N1329,N2086
N1329,N2390
N1329,N2090
N1213,N1922
N1213,N2190
N1213,N3838
N2190,N3712
N1216,N1525
N1525,N2224
N1525,N1719
N1217,N3947
N1217,N2055
N2055,N2628
N1218,N2501
N1218,N2508
N2501,N2625
N1219,N3569
N1220,N2251
N1220,N2054
N1220,N2763
N1220,N1320
N2251,N2511
N2054,N2463
N2054,N2572
N2054,N3667
N2763,N3337
N1221,N2203
N2203,N3274
N1224,N2454
N1224,N1450
N1450,N2589
N1225,N1305
N1225,N1698
N1225,N3612
N1305,N3535
N1226,N1721
N1226,N3170
N1226,N3271
N1226,N1979
N1226,N3855
N3271,N3554
N1227,N1538
N1538,N3636
N1228,N3898
N1228,N3820
N1228,N1574
N1231,N2404
N1232,N3272
N1232,N3231
N2353,N3931
N2233,N2495
N2233,N3464
N2233,N3257
N1939,N1945
N1939,N3753
N1235,N1775
N1235,N1868
N1775,N3994
N1868,N3712
N1372,N2181
N1372,N3697
N1372,N2802
N1372,N3756
N1372,N2983
N1651,N3456
N1240,N1801
N1240,N3164
N1801,N3141
N1244,N1382
N1245,N3234
N1246,N1504
N1504,N1548
N1247,N2942
N2942,N3283
N3826,N3915
N1253,N3402
N1253,N2095
N1253,N2044
N1254,N2095
N1254,N3951
N1255,N3192
N1256,N2541
N1259,N2122
N1259,N2763
N1259,N3940
N1263,N1343
N1263,N3572
N1264,N1866
N1264,N2005
N1264,N1557
N1264,N2570
N1866,N2195
N1866,N2003
N2005,N3922
N2005,N3119
N1557,N2227
N1268,N2753
N1268,N2304
N2304,N3477
N1269,N1617
N1271,N3564
N1271,N1717
N1271,N1358
N3564,N3647
N2172,N3688
N1274,N3475
N1274,N2057
N1274,N1993
N1280,N2992
N2992,N3923
N1281,N3894
N1281,N3729
N3894,N3974
N1282,N3971
N1282,N1298
N2236,N2976
N1286,N2142
N2142,N2351
N2142,N2568
N1287,N2984
N2121,N2801
N1608,N3128
N1608,N3707
N1290,N2996
N1290,N2975
N2975,N3060
N2567,N3605
N2567,N2842
N1296,N2984
N1296,N3216
N2243,N2676
N1299,N1932
N1299,N1614
N1614,N2641
N1614,N3835
N1614,N3894
N1300,N2716
N1300,N3465
N2716,N3681
N1301,N3455
N1301,N2276
N2276,N2994
N1302,N3276
N1302,N1401
N1302,N2543
N1304,N1345
N1306,N2693
N1306,N1322
N1306,N2453
N1322,N3522
N1322,N1869
N1308,N2703
N1308,N1780
N1308,N1579
N2703,N3876
N1780,N3261
N1780,N3943
N1579,N2986
N1579,N2994
N1309,N2796
N1309,N1781
N1311,N3721
N1311,N2863
N1311,N3334
N1312,N1970
N1970,N2643
N1970,N3809
N1970,N2703
N1313,N2280
N1313,N1807
N1313,N2417
N1314,N1941
N1941,N3054
N1941,N3992
N1315,N1380
N1316,N3444
N1317,N2502
N1317,N3552
N1317,N2676
N1585,N3138
N1319,N3268
N1320,N1543
N1320,N3414
N1321,N3998
N1869,N3430
N1869,N3238
N1869,N3043
N2026,N2967
N2026,N3206
N2026,N3862
N3891,N3966
N1325,N3327
N1325,N2151
N1896,N2431
N1407,N2926
N2390,N3588
N2390,N3671
N1334,N2865
N2038,N2360
N2038,N3788
N2038,N3434
N1336,N1747
N1336,N3972
N1747,N3338
N1747,N2599
N2678,N3027
N2198,N2418
N2198,N2660
N1341,N3009
N1344,N2558
N1344,N3873
N2558,N3566
N1346,N2658
N1346,N2982
N2982,N3216
N2982,N3320
N1347,N2814
N2814,N3184
N1348,N3663
N1349,N3181
N1349,N3296
N1349,N3024
N1349,N3779
N1573,N1671
N1573,N2987
N1573,N2307
N1573,N3055
N1573,N2075
N1355,N2567
N1356,N2312
N2312,N2851
N1357,N1538
N2592,N3752
N1359,N3705
N1359,N3739
N1359,N1429
N1429,N3494
N1360,N3301
N3301,N3685
N1361,N3991
N1363,N2811
N1363,N2913
N2811,N3609
N1659,N2409
N1374,N3885
N1374,N3359
N3359,N3366
N1849,N2335
N1378,N2279
N2279,N3691
N1379,N2125
N2125,N3659
N2125,N3262
N3387,N3868
N1384,N3827
N1384,N2045
N1384,N2408
N2797,N3626
N1386,N1837
N1837,N2580
N2111,N2261
N1388,N3905
N1388,N3635
N1625,N2492
N1625,N3647
N1568,N2789
N2114,N2649
N2114,N3172
N2114,N2477
N1581,N3417
N1581,N3262
N1394,N1857
N1394,N3656
N1394,N1942
N1394,N3871
N1857,N2325
N1857,N2020
N1395,N3768
N1395,N3520
N3768,N3803
N3795,N3797
N1397,N2001
N2001,N2331
N1400,N3228
N1403,N2395
N3194,N3582
N1410,N2166
N1410,N2897
N1410,N1414
N2166,N2508
N1412,N3031
N1412,N3981
N1412,N1960
N3031,N3232
N1413,N2782
N1508,N3663
N1508,N2810
N1418,N2271
N1418,N3543
N2271,N3275
N1419,N1885
N1419,N3150
N1419,N1550
N1419,N1598
N1419,N3761
N1598,N3069
N1598,N3901
N1598,N2776
N2291,N2386
N2291,N3829
N1423,N3368
N1423,N1478
N1423,N3645
N1425,N1508
N1425,N2605
N1427,N1798
N1427,N3664
N1427,N3988
N1798,N3052
N3664,N3963
N3494,N3819
N1430,N1819
N1430,N3233
N1819,N2587
N1431,N2397
N2397,N2894
N2397,N2600
N1433,N3183
N3183,N3599
N3183,N3791
N3183,N3509
N2697,N3619
N1968,N2959
N1968,N3175
N1968,N2039
N1439,N1468
N1441,N3537
N1441,N3299
N3537,N3925
N2795,N3084
N1443,N2093
N1443,N3460
N1443,N2335
N1444,N1855
N1444,N1684
N1444,N2370
N1446,N2640
N1446,N1685
N1446,N2201
N1685,N3902
N1685,N3920
N1685,N2215
N1448,N3493
N3493,N3693
N2589,N3751
N1451,N3310
N1451,N2571
N2571,N2867
N1905,N3346
N1453,N3489
N1453,N2030
N1453,N3878
N2030,N3791
N1454,N3815
N1454,N2049
N1454,N3262
N1456,N2875
N1458,N3168
N1458,N2497
N3168,N3341
N1460,N1980
N1460,N3453
N1460,N2938
N2511,N3687
N2019,N3354
N2147,N3980
N1465,N3483
N1465,N3761
N1465,N3788
N1465,N2823
N1503,N2891
N1503,N3398
N1503,N2951
N2441,N2953
N2441,N3824
N1469,N3751
N1469,N1769
N1469,N2283
N1769,N2384
N1769,N3203
N3201,N3282
N3201,N3606
N1472,N3778
N1472,N3325
N1473,N3698
N1473,N3497
N3698,N3744
N1475,N2153
N2153,N3820
N1476,N2708
N1476,N2496
N2708,N3970
N2708,N3955
N2496,N3325
N1477,N1849
N1480,N3081
N1480,N2259
N1481,N1507
N1481,N2238
N1507,N3770
N1507,N2876
N1482,N3461
N1482,N3446
N1482,N3388
N3446,N3528
N3087,N3659
N1484,N2772
N1486,N2036
N1486,N2827
N1486,N3805
N2036,N2861
N1487,N3221
N1487,N3998
N1487,N3515
N1488,N3583
N1488,N3590
N1490,N1630
N1490,N2037
N1495,N2625
N1497,N3882
N1499,N3266
N1499,N3068
N3266,N3950
N1501,N2553
N2553,N3612
N2553,N3014
N3398,N3947
N1548,N3414
N1548,N2098
N1548,N3537
N2099,N3925
N1506,N3654
N1506,N2884
N1509,N3387
N1509,N3886
N1511,N2145
N1511,N1853
N1511,N2393
N1853,N2768
N2393,N2853
N1512,N2266
N1512,N2609
N1512,N2575
N1515,N2442
N1998,N3869
N1518,N2309
N2309,N2877
N1519,N1662
N1662,N3530
N1662,N3888
N1520,N1691
N1520,N2068
N1691,N3194
N1521,N1820
N1521,N3099
N1820,N1847
N3099,N3435
N3099,N3687
N1522,N2285
N1522,N1811
N1522,N2156
N1522,N2221
N2614,N3710
N1524,N2784
N1524,N2813
N1719,N2716
N2282,N3453
N1527,N1733
N1733,N3090
N1733,N2632
N1528,N2874
N1528,N2574
N1529,N3594
N3594,N3645
N2523,N2948
N2523,N3289
N1531,N2905
N1531,N2589
N1531,N1964
N1532,N2134
N1532,N2201
N2134,N2998
N1534,N2029
N1534,N3872
N2029,N2479
N2029,N3719
N2029,N3356
N1535,N2782
N1536,N3677
N1536,N3762
N1536,N3807
N1536,N3225
N1537,N3756
N1540,N3708
N1540,N3030
N1540,N2386
N1673,N3053
N1544,N2041
N2041,N2576
N2041,N3689
N1546,N2042
N1547,N2601
N2601,N2989
N1549,N2744
N1551,N3582
N1554,N2497
N1555,N3222
N1555,N3226
N1556,N3673
N1556,N2598
N1556,N3042
N3673,N3970
N1558,N3814
N1559,N2470
N1559,N1621
N1621,N3054
N1621,N2370
N2070,N2314
N2070,N3432
N1561,N3800
N1561,N3862
N1561,N3997
N1564,N1701
N1564,N1944
N1701,N3859
N1565,N1692
N1565,N3690
N1692,N1749
N1569,N2890
N1569,N3707
N1812,N1907
N1955,N3309
N1955,N2713
N1671,N1808
N2307,N3285
N2733,N3107
N2478,N3260
N2478,N2878
N1578,N3059
N2986,N3572
N1580,N3682
N1580,N3172
N1583,N1860
N1583,N1629
N1583,N3585
N1583,N2313
N1583,N3072
N1860,N2003
N1629,N3122
N1584,N3351
N1586,N2585
N1586,N3889
N1586,N2486
N2585,N3417
N1592,N2591
N1592,N3831
N1592,N1903
N2591,N2789
N2591,N2762
N1903,N2103
N1594,N2756
N1594,N2855
N2756,N3343
N2855,N3605
N1595,N2015
N1595,N3263
N1595,N3734
N2015,N2596
N3263,N3476
N1597,N2813
N1597,N2942
N1599,N2468
N2468,N2670
N2468,N3216
N1600,N3268
N1600,N1794
N1600,N1797
N1797,N2716
N1604,N3450
N1605,N1973
N1605,N1820
N1610,N3650
N1610,N1958
N1610,N2318
N1611,N2387
N1616,N2599
N1616,N3851
N1618,N2520
N1618,N1867
N1618,N2954
N1867,N3149
N1619,N2893
N2893,N3572
N2893,N3203
N1622,N2380
N1622,N1821
N1626,N3629
N1626,N3770
N1626,N3688
N1627,N3305
N1627,N3847
N1628,N1926
N1631,N2375
N1631,N2362
N1631,N1898
N1631,N2032
N2375,N2779
N2362,N3286
N1635,N2767
N1635,N2057
N1636,N3276
N1638,N2115
N1638,N2362
N1638,N2196
N2115,N3548
N2115,N2562
N1640,N3558
N1641,N3822
N1641,N3142
N1642,N3749
N2848,N3667
N2983,N3582
N1646,N3531
N1646,N3238
N3238,N3579
N3238,N3912
N1650,N3108
N1650,N2081
N1652,N2226
N1652,N3036
N2226,N2428
N3036,N3776
N1654,N1837
N1656,N3784
N1656,N2286
N1656,N3612
N1657,N3084
N1657,N2927
N1657,N2490
N1657,N1793
N2927,N3871
N2800,N3092
N2800,N2900
N2409,N2638
N1668,N3558
N1669,N2071
N1669,N2403
N2071,N2422
N2403,N2570
N1670,N3617
N1670,N2318
N1808,N3427
N1674,N3067
N1674,N3432
N1674,N2118
N1674,N2491
N3067,N3574
N3432,N3500
N2118,N3610
N2118,N3598
N3649,N3839
N3649,N3890
N1677,N2687
N2687,N3818
N2687,N2905
N1887,N2550
N1887,N2741
N1887,N2957
N1887,N3235
N1887,N2660
N1679,N3716
N1679,N3776
N1679,N2277
N1682,N2426
N1682,N3914
N1682,N2910
N1686,N3298
N1686,N2607
N1686,N3913
N1688,N2746
N1688,N3499
N1688,N3497
N1688,N2398
N2398,N2590
N1690,N3967
N1693,N2170
N1693,N3279
N1694,N2057
N1694,N3321
N2059,N2178
N2461,N3057
N1703,N2779
N1705,N3252
N1705,N2635
N1706,N3297
N1707,N2244
N1707,N3034
N1709,N2956
N1709,N3789
N2956,N3361
N1712,N2121
N1716,N3783
N1716,N3138
N1716,N2203
N1716,N3135
N1718,N2458
N2458,N3040
N1723,N3581
N1723,N1896
N1724,N3144
N1724,N2994
N1726,N3059
N1727,N2320
N1727,N2556
N1727,N2654
N2320,N3466
N1728,N2051
N1728,N3780
N1730,N1746
N1746,N1975
N2719,N3032
N2719,N2764
N3090,N3433
N1737,N2355
N1737,N2892
N1737,N3019
N1738,N2193
N1739,N3691
N1740,N2451
N1742,N3690
N1742,N2112
N1742,N3787
N2112,N2654
N2112,N3918
N3382,N3461
N1748,N2775
N1748,N2289
N1748,N3402
N1749,N3096
N1749,N3799
N3799,N3946
N1750,N2595
N1750,N3304
N3304,N3332
N3304,N3319
N1752,N2674
N1752,N2787
N1753,N3463
N1754,N2110
N1754,N3518
N1754,N3621
N2110,N2840
N1755,N3266
N1755,N3188
N1756,N3240
N3240,N3445
N1757,N3982
N1761,N2488
N1762,N2401
N1762,N2878
N1763,N2663
N1763,N3689
N1763,N2362
N2663,N3151
N1829,N2072
N2460,N3228
N1768,N2321
N1768,N3205
N1768,N3242
N1770,N3486
N1771,N3542
N3542,N3965
N1772,N3268
N1773,N3651
N1773,N3787
N1776,N3626
N1776,N3936
N2486,N2721
N1784,N3342
N1784,N3176
N3342,N3757
N1787,N2076
N1788,N2335
N1789,N2573
N1789,N2759
N3611,N3778
N3933,N3977
N2743,N3618
N1795,N3522
N1795,N3961
N1800,N3379
N1800,N2804
N3379,N3682
N3379,N3661
N1804,N2772
N1804,N3334
N1804,N3782
N1806,N3759
N1806,N2314
N1810,N3317
N1816,N2625
N1817,N3831
N1823,N2987
N1832,N2566
N1832,N3822
N1832,N2142
N1833,N3658
N1833,N1924
N1836,N1971
N1971,N1990
N1971,N2494
N1838,N3038
N1838,N3436
N1838,N3642
N1838,N2901
N1838,N2056
N1840,N2014
N2014,N3356
N1841,N2923
N1841,N3537
N2923,N3047
N1842,N3645
N1843,N3536
N1843,N2331
N1844,N3987
N1844,N2761
N2908,N3186
N1846,N2465
N1846,N1979
N1847,N2937
N1850,N2758
N1851,N2861
N1854,N3318
N1856,N1909
N3292,N3477
N1859,N2163
N1859,N2773
N1859,N2624
N1859,N2798
N1859,N3581
N1861,N1879
N1861,N2977
N1861,N3439
N1862,N2379
N1862,N2007
N2379,N2665
N3577,N3764
N2195,N2699
N2003,N2958
N2003,N3766
N1870,N3240
N1870,N2502
N1872,N3187
N3187,N3786
N1873,N3102
N1873,N2908
N1873,N2441
N1882,N2867
N1883,N2249
N1883,N3612
N2249,N2421
N2249,N2617
N1884,N2658
N1886,N2752
N1886,N2921
N1886,N2474
N2752,N3753
N2550,N2872
N3235,N3706
N1889,N3180
N1890,N3184
N3184,N3862
N1891,N2103
N1891,N3832
N2103,N3725
N2348,N3438
N1893,N2008
N2008,N2078
N2008,N2464
N2008,N2925
N1894,N2334
N1894,N2586
N1894,N3389
N1895,N3063
N1895,N3109
N1899,N3609
N1899,N3586
N1900,N3919
N1900,N2898
N1900,N2794
N1901,N3291
N1901,N3889
N1901,N3382
N1904,N2499
N1904,N2722
N1906,N2870
N1908,N1913
N1908,N1959
N3035,N3854
N1910,N2516
N1910,N2862
N1910,N1978
N1911,N2589
N1914,N2664
N1914,N3306
N2664,N3712
N2452,N2567
N1917,N2795
N1917,N3797
N1918,N2922
N1921,N2547
N2547,N3073
N2547,N3558
N1923,N3229
N1923,N3565
N1925,N3478
N1927,N3734
N2856,N3048
N2856,N3837
N3557,N3817
N1930,N2358
N1930,N3540
N1930,N3714
N1930,N2095
N1934,N3274
N1934,N3386
N1937,N3785
N1937,N2291
N1938,N2187
N1938,N3935
N1940,N3362
N1940,N3772
N1943,N3193
N1943,N3591
N3193,N3640
N3731,N3879
N1946,N3573
N1946,N3163
N1949,N3993
N1949,N3756
N1950,N3922
N2031,N3151
N2031,N2846
N2031,N2992
N2165,N2938
N2002,N2845
N1956,N3318
N1959,N2125
N1960,N3524
N1960,N3629
N1960,N2783
N3524,N3570
N1961,N3217
N1967,N2875
N1967,N2955
N1967,N3726
N2955,N3237
N2959,N3347
N1969,N2973
N1969,N3408
N1969,N2888
N2973,N3132
N2973,N3210
N2494,N3738
N1972,N3203
N1978,N3569
N1978,N3926
N1979,N2340
N1979,N3092
N2340,N3494
N2340,N3050
N1981,N3234
N1982,N2588
N1982,N2604
N1985,N3694
N2308,N2392
N1988,N3826
N1988,N3233
N2675,N3893
N2675,N3903
N2675,N3790
N2455,N3816
N1997,N3913
N1997,N3706
N1999,N2130
N1999,N2006
N2000,N2730
N2845,N3019
N2006,N2342
N2078,N3117
N2078,N3412
N2464,N3093
N2009,N3587
N2011,N3020
N2011,N2571
N2013,N3179
N3179,N3955
N2016,N3127
N2016,N3868
N2018,N2467
N2018,N2992
N2018,N3081
N2155,N2184
N2155,N3833
N2530,N2821
N2022,N3623
N2023,N3640
N2023,N2471
N2023,N2735
N2024,N2569
N2027,N2057
N2028,N2742
N2028,N2967
N2846,N3526
N2034,N2079
N2034,N2929
N2034,N2332
N2332,N3142
N2037,N2145
N2040,N2077
N2040,N2475
N2043,N3872
N2043,N2065
N2043,N3683
N2048,N2318
N2628,N2819
N2178,N3137
N2178,N3405
N2061,N3169
N3169,N3815
N2064,N3255
N2064,N2589
N2064,N3231
N2064,N3805
N2065,N3007
N2066,N3909
N2069,N3241
N2069,N2599
N2422,N2505
N2073,N3732
N2073,N3425
N2074,N2811
N2074,N2679
N2081,N3765
N2084,N3324
N2084,N3794
N2084,N3880
N2084,N3658
N2085,N3941
N3941,N3997
N2088,N2959
N3072,N3280
N2097,N2631
N2097,N3078
N2097,N3712
N2097,N3667
N2631,N3328
N2627,N3439
N2100,N3968
N2100,N2271
N2102,N2833
N2105,N2816
N2105,N2711
N2105,N3440
N2711,N3074
N2108,N3990
N2562,N3225
N2562,N2602
N2562,N3296
N3610,N3722
N3098,N3686
N2120,N3457
N2120,N3820
N2120,N2584
N2123,N2443
N2124,N2581
N2124,N3086
N3443,N3612
N2131,N2759
N2131,N3082
N2131,N3030
N2998,N3939
N2139,N3448
N2139,N3406
N2139,N2803
N3448,N3722
N3406,N3772
N3406,N3895
N2351,N2423
N2351,N2816
N2568,N2903
N2575,N3746
N2149,N2824
N2149,N2152
N2154,N2376
N2154,N3647
N2158,N2477
N2167,N2270
N2167,N3171
N2167,N3303
N2167,N3855
N2169,N3928
N2171,N2411
N2171,N3520
N2411,N2933
N3520,N3674
N2633,N3712
N2175,N3958
N2186,N3058
N3295,N3737
N3311,N3975
N2183,N3707
N2183,N2847
N3058,N3333
N2191,N3597
N2192,N3924
N2194,N2265
N2196,N2822
N2196,N2598
N2822,N3649
N2197,N2604
N2201,N2429
N2429,N3188
N2205,N2379
N2207,N3676
N2207,N3615
N2210,N3873
N2210,N2383
N2212,N3294
N2216,N2804
N2216,N3231
N2218,N3953
N2218,N2219
N2220,N3091
N2220,N3104
N2918,N3486
N2231,N3691
N2231,N2974
N2231,N2929
N2232,N2462
N2237,N2876
N2239,N2858
N2239,N2705
N2245,N3556
N2245,N2850
N2252,N2609
N2256,N3765
N2256,N2641
N2264,N2591
N2267,N3886
N2269,N3523
N2269,N3055
N2269,N2502
N2273,N3373
N2273,N2831
N3373,N3415
N3160,N3452
N2278,N2982
N2866,N3093
N2290,N3900
N2721,N3179
N2302,N2480
N2302,N2349
N2303,N2818
N2306,N3259
N2392,N3936
N2311,N3351
N2311,N2910
N3101,N3917
N3101,N3337
N2316,N3802
N2316,N2849
N2317,N3833
N2317,N3393
N2326,N3607
N2326,N3742
N2330,N3838
N2337,N3911
N2337,N3804
N2338,N2610
N2341,N3315
N2341,N3652
N2343,N2863
N2863,N3407
N2345,N2534
N3322,N3705
N2352,N2576
N3077,N3392
N2361,N3113
N2363,N3935
N2365,N3121
N2371,N2738
N2377,N2382
N2378,N2908
N2381,N3630
N2381,N3982
N2381,N2790
N2381,N2891
N2383,N3161
N2383,N2878
N2878,N3178
N3671,N3786
N2391,N3093
N2394,N2754
N2396,N3722
N2399,N3419
N2399,N3330
N2413,N3648
N3648,N3999
N2414,N3768
N2427,N2599
N2430,N3702
N2433,N3228
N2453,N2737
N2737,N3007
N2737,N2972
N3040,N3808
N3040,N3179
N2459,N3480
N2459,N3143
N2469,N3925
N2639,N3724
N2612,N3494
N2472,N3052
N3491,N3592
N2476,N2817
N2476,N3364
N2476,N2481
N2481,N3829
N2482,N2544
N2485,N3639
N2493,N3770
N2493,N3961
N2493,N2860
N2860,N3052
N2500,N3551
N3060,N3244
N2510,N3888
N2513,N3039
N2515,N3299
N2515,N3270
N3270,N3293
N2517,N3787
N2519,N2740
N2948,N3882
N2526,N2543
N2527,N3926
N2527,N3101
N2821,N3909
N2533,N2865
N2533,N2766
N2536,N3689
N2540,N3495
N2540,N3098
N2545,N3672
N2545,N3465
N3672,N3855
N2546,N3563
N2546,N3297
N2551,N2934
N2934,N3696
N2934,N3249
N3612,N3685
N2557,N3674
N2559,N2815
N2602,N3176
N2563,N3110
N2563,N3571
N2563,N2778
N2565,N3752
N2565,N3792
N3752,N3761
N3792,N3857
N2903,N3256
N2903,N3039
N2583,N3728
N2644,N3787
N2644,N3372
N3132,N3395
N2605,N3258
N2613,N2622
N2613,N2775
N2619,N3567
N2621,N3559
N2621,N2784
N2630,N3558
N2630,N3240
N2634,N3389
N2634,N3479
N2634,N3172
N2635,N3159
N2636,N3594
N2637,N3616
N2843,N2926
N2652,N3992
N2652,N2655
N2650,N2726
N2651,N3191
N2651,N2859
N2653,N3917
N2656,N2657
N2656,N3910
N2657,N3098
N2660,N3808
N2661,N3008
N2662,N3825
N2667,N2884
N2828,N3519
N2690,N2810
N2690,N3329
N2692,N3255
N2702,N2972
N2700,N3659
N2707,N3213
N2707,N2872
N3118,N3674
N2714,N3243
N2714,N3189
N2717,N2841
N2717,N3939
N2720,N3241
N2720,N3352
N2724,N2986
N2725,N3013
N3013,N3062
N2732,N3522
N2735,N3571
N2745,N3313
N2760,N3196
N2760,N2949
N2764,N2852
N2764,N2934
N2765,N3135
N3135,N3165
N3621,N3668
N2770,N3765
N2896,N2911
N2791,N3567
N2793,N3112
N2793,N3398
N3112,N3635
N2900,N3749
N2806,N2912
N2912,N3996
N2812,N3013
N2812,N2887
N3209,N3684
N2830,N2915
N2836,N3014
N2849,N2930
N2849,N3970
N2849,N3043
N3048,N3416
N3048,N3655
N3000,N3075
N2871,N3312
N2871,N3739
N2871,N3709
N3312,N3840
N2883,N3316
N2977,N3833
N2885,N3721
N2885,N3831
N3618,N3789
N2895,N3325
N3256,N3983
N2907,N3591
N3186,N3674
N2919,N3133
N2924,N3748
N2924,N3697
N2928,N3173
N2932,N3000
N2933,N3410
N2933,N3129
N2933,N3195
N2936,N3343
N2939,N3112
N2946,N3759
N2950,N3415
N2966,N3600
N2968,N3314
N2969,N3904
N2970,N3020
N2990,N3865
N2993,N3313
N2993,N3011
N3022,N3108
N3003,N3534
N3003,N3060
N3006,N3305
N3006,N3830
N3830,N3886
N3012,N3125
N3012,N3084
N3062,N3214
N3062,N3769
N3033,N3655
N3050,N3060
N3061,N3215
N3061,N3359
N3079,N3361
N3079,N3545
N3083,N3303
N3085,N3671
N3097,N3541
N3525,N3801
N3107,N3300
N3111,N3819
N3114,N3643
N3114,N3818
N3643,N3949
N3130,N3888
N3130,N3175
N3145,N3826
N3145,N3526
N3284,N3883
N3163,N3805
N3167,N3700
N3167,N3535
N3174,N3980
N3174,N3450
N3182,N3967
N3197,N3743
N3197,N3507
N3199,N3586
N3555,N3868
N3516,N3790
N3516,N3590
N3214,N3466
N3239,N3877
N3247,N3400
N3253,N3857
N3257,N3263
N3267,N3357
N3357,N3366
N3278,N3460
N3320,N3794
N3328,N3665
N3842,N3999
N3344,N3369
N3348,N3399
N3349,N3442
N3349,N3877
N3383,N3909
N3386,N3871
N3388,N3741
N3388,N3664
N3401,N3549
N3413,N3608
N3413,N3830
N3413,N3503
N3420,N3484
N3420,N3796
N3500,N3699
N3467,N3628
N3547,N3723
N3560,N3863
N3561,N3599
N3562,N3826
N3660,N3761
N3744,N3771
N3709,N3747
N3713,N3885
N3735,N3779
N3757,N3766
N3793,N3911
N3828,N3994